Date,USDJPY BGN Curncy  (R1),SPX Index  (R2),NKY Index  (R4),DAX Index  (R4),UKX Index  (R3),MXWO Index  (R2),AS51 Index  (R3)
10/1/2009,89.61,1029.85,9978.6396,5554.5498,5047.81,1102.04,4701.1
10/2/2009,89.81,1025.21,9731.8701,5467.8999,4988.7,1088.9,4601.7
10/5/2009,89.54,1040.46,9674.4902,5508.8501,5024.33,1099.44,4573.3
10/6/2009,88.83,1054.72,9691.7998,5657.6401,5137.98,1121.63,4591.6
10/7/2009,88.61,1057.58,9799.5996,5640.75,5108.9,1122.97,4695.7
10/8/2009,88.39,1065.48,9832.4697,5716.54,5154.64,1137.59,4768.6
10/9/2009,89.79,1071.49,10016.3896,5711.8799,5161.87,1139.84,4752.9
10/12/2009,89.83,1076.19,,5783.23,5210.17,1145.93,4739.8
10/13/2009,89.71,1073.19,10076.5596,5714.3101,5154.15,1142.15,4785.7
10/14/2009,89.45,1092.02,10060.21,5854.1401,5256.1,1162.57,4831.1
10/15/2009,90.56,1096.56,10238.6504,5830.77,5222.95,1166.65,4859.9
10/16/2009,90.89,1087.68,10257.5596,5743.3901,5190.24,1156.2,4836.4
10/19/2009,90.55,1097.91,10236.5098,5852.5601,5281.54,1170.64,4792.8
10/20/2009,90.78,1091.06,10336.8398,5811.77,5243.4,1166.03,4846.2
10/21/2009,90.97,1081.4,10333.3896,5833.4902,5257.85,1163.52,4838.6
10/22/2009,91.3,1092.91,10267.1699,5762.9302,5207.36,1163.5,4812.8
10/23/2009,92.06,1079.6,10282.9902,5740.25,5242.57,1153.42,4859.4
10/26/2009,92.19,1066.95,10362.6201,5642.1602,5191.74,1139.87,4830.3
10/27/2009,91.8,1063.41,10212.46,5635.02,5200.97,1131.44,4753.5
10/28/2009,90.76,1042.63,10075.0498,5496.27,5080.42,1108.97,4685.1
10/29/2009,91.41,1066.11,9891.0996,5587.4502,5137.72,1127.81,4574.7
10/30/2009,90.09,1036.19,10034.7402,5414.96,5044.55,1106.17,4643.2
11/2/2009,90.21,1042.88,9802.9502,5430.8198,5104.5,1109.24,4540.4
11/3/2009,90.34,1045.41,,5353.3501,5037.21,1104.09,4531.5
11/4/2009,90.73,1046.5,9844.3096,5444.23,5107.89,1115.33,4540.1
11/5/2009,90.71,1066.63,9717.4404,5480.9199,5125.64,1128.34,4508
11/6/2009,89.88,1069.3,9789.3496,5488.25,5142.72,1132.19,4594
11/9/2009,89.93,1093.08,9808.9902,5619.7202,5235.18,1157.71,4674.9
11/10/2009,89.81,1093.01,9870.7305,5613.2002,5230.55,1156.84,4733.6
11/11/2009,89.87,1098.51,9871.6797,5668.3501,5266.75,1162.16,4757
11/12/2009,90.37,1087.24,9804.4902,5663.96,5276.5,1152.5,4747.9
11/13/2009,89.66,1093.48,9770.3096,5686.8301,5296.38,1158.26,4706.4
11/16/2009,89.06,1109.3,9791.1797,5804.8198,5382.67,1175.4,4755.2
11/17/2009,89.25,1110.32,9729.9297,5778.4302,5345.93,1169.56,4729.4
11/18/2009,89.32,1109.8,9676.7998,5787.6099,5342.13,1171.54,4739
11/19/2009,88.98,1094.9,9549.4697,5702.1802,5267.7,1151.98,4749.2
11/20/2009,88.89,1091.38,9497.6797,5663.1499,5251.41,1145.72,4685.8
11/23/2009,88.97,1106.24,,5801.48,5355.5,1165.83,4717
11/24/2009,88.5,1105.65,9401.5801,5769.3101,5323.96,1160.14,4685
11/25/2009,87.35,1110.63,9441.6396,5803.02,5364.81,1170.71,4722.2
11/26/2009,86.59,,9383.2402,5614.1699,5194.13,1154.87,4708.6
11/27/2009,86.53,1091.49,9081.5195,5685.6099,5245.73,1144.58,4572.1
11/30/2009,86.41,1095.63,9345.5498,5625.9502,5190.68,1149.01,4701.3
12/1/2009,86.68,1108.86,9572.2002,5776.6099,5312.17,1171.94,4719
12/2/2009,87.39,1109.24,9608.9404,5781.6802,5327.39,1173.86,4762.4
12/3/2009,88.26,1099.92,9977.6699,5770.3501,5313,1170.57,4774.6
12/4/2009,90.56,1105.98,10022.5898,5817.6499,5322.36,1168.9,4702.2
12/7/2009,89.51,1103.25,10167.5996,5784.75,5310.66,1165.33,4676.5
12/8/2009,88.43,1091.94,10140.4697,5688.5801,5223.13,1151.38,4670.6
12/9/2009,87.87,1095.95,10004.7197,5647.8398,5203.89,1148.94,4637.9
12/10/2009,88.2,1102.35,9862.8203,5709.02,5244.37,1154.07,4606.7
12/11/2009,89.1,1106.41,10107.8701,5756.29,5261.57,1155.54,4635.2
12/14/2009,88.62,1114.11,10105.6797,5802.2598,5315.34,1164.87,4654
12/15/2009,89.61,1107.93,10083.4805,5811.3398,5285.77,1157.84,4673.5
12/16/2009,89.78,1109.18,10177.4102,5903.4302,5320.26,1165.71,4661.9
12/17/2009,89.97,1096.08,10163.7998,5844.4399,5217.61,1145.38,4670.3
12/18/2009,90.5,1102.47,10142.0498,5831.21,5196.81,1144.11,4650.5
12/21/2009,91.17,1114.05,10183.4697,5930.5298,5293.99,1155.78,4635.1
12/22/2009,91.84,1118.02,10378.0303,5945.6899,5328.66,1159.32,4704.2
12/23/2009,91.64,1120.59,,5957.4399,5372.38,1166.32,4739.3
12/24/2009,91.54,1126.48,10536.9199,,5402.41,1172.16,4790.9
12/25/2009,91.3,,10494.71,,,1171.56,
12/28/2009,91.63,1127.78,10634.2305,6002.9199,,1176.35,
12/29/2009,92,1126.2,10638.0596,6011.5498,5437.61,1177.97,4845.1
12/30/2009,92.44,1126.42,10546.4404,5957.4302,5397.86,1171.29,4833.3
12/31/2009,93.03,1115.1,,,5412.88,1168.47,4870.6
1/1/2010,93.04,,,,,1168.47,
1/4/2010,92.51,1132.99,10654.79,6048.2998,5500.34,1189.39,4876.3
1/5/2010,91.72,1136.52,10681.8301,6031.8599,5522.5,1192.89,4924.3
1/6/2010,92.32,1137.14,10731.4502,6034.3301,5530.04,1193.52,4921.4
1/7/2010,93.37,1141.69,10681.6602,6019.3599,5526.72,1192.91,4899.4
1/8/2010,92.66,1144.98,10798.3203,6037.6099,5534.24,1198.26,4912.1
1/11/2010,92.09,1146.98,,6040.5,5538.07,1207.22,4950.7
1/12/2010,90.98,1136.22,10879.1396,5943,5498.71,1199.34,4899.5
1/13/2010,91.37,1145.68,10735.0303,5963.1401,5473.48,1201.61,4868.1
1/14/2010,91.21,1148.46,10907.6797,5988.8799,5498.2,1207.98,4898
1/15/2010,90.77,1136.03,10982.0996,5875.9702,5455.37,1195.66,4899.6
1/18/2010,90.79,,10855.0801,5918.5498,5494.39,1198.22,4911.1
1/19/2010,91.15,1150.23,10764.9004,5976.48,5513.14,1203.33,4861.2
1/20/2010,91.24,1138.04,10737.5195,5851.5298,5420.8,1184.49,4868.2
1/21/2010,90.43,1116.48,10868.4102,5746.9702,5335.1,1166.93,4827.2
1/22/2010,89.82,1091.76,10590.5498,5695.3198,5302.99,1149.89,4750.6
1/25/2010,90.28,1096.78,10512.6904,5631.3701,5260.31,1148.99,4717.9
1/26/2010,89.65,1092.17,10325.2803,5668.9302,5276.85,1143.44,
1/27/2010,90.01,1097.5,10252.0801,5643.2002,5217.47,1140.28,4644.6
1/28/2010,89.92,1084.53,10414.29,5540.3301,5145.74,1128.32,4673.3
1/29/2010,90.27,1073.87,10198.04,5608.79,5188.52,1119.54,4569.6
2/1/2010,90.61,1089.19,10205.0195,5654.48,5247.41,1129.29,4524.1
2/2/2010,90.38,1103.32,10371.0898,5709.6602,5283.31,1144.96,4605.3
2/3/2010,90.98,1097.28,10404.3301,5672.0898,5253.15,1138.9,4647.9
2/4/2010,89.06,1063.11,10355.9805,5533.2402,5139.31,1106.37,4621.6
2/5/2010,89.25,1066.19,10057.0898,5434.3398,5060.92,1095.48,4514.1
2/8/2010,89.26,1056.74,9951.8203,5484.8501,5092.33,1092.63,4521.4
2/9/2010,89.7,1070.52,9932.9004,5498.2598,5111.84,1101.18,4505.1
2/10/2010,89.94,1068.13,9963.9902,5536.3701,5131.99,1101.44,4513.4
2/11/2010,89.77,1078.47,,5503.9302,5161.48,1108.27,4554.3
2/12/2010,89.96,1075.51,10092.1904,5500.3901,5142.45,1107.32,4562.1
2/15/2010,90.02,,10013.2998,5511.1001,5167.47,1107.42,4545.5
2/16/2010,90.14,1094.87,10034.25,5592.1201,5244.06,1124.86,4567.8
2/17/2010,91.26,1099.51,10306.8301,5648.3398,5276.64,1133.79,4667.9
2/18/2010,91.81,1106.75,10335.6904,5680.4102,5325.09,1138.94,4654.9
2/19/2010,91.52,1109.17,10123.5801,5722.0498,5358.17,1134.45,4635.1
2/22/2010,91.14,1108.01,10400.4697,5688.4399,5352.07,1139.82,4717.5
2/23/2010,90.22,1094.6,10352.0996,5604.0698,5315.09,1128.52,4718.3
2/24/2010,90.15,1105.24,10198.8301,5615.5098,5342.92,1133.2,4648.5
2/25/2010,89.08,1102.94,10101.96,5532.3301,5278.22,1124.02,4594.1
2/26/2010,88.97,1104.49,10126.0303,5598.46,5354.52,1133.35,4637.7
3/1/2010,89.13,1115.71,10172.0596,5713.5098,5405.94,1140.58,4686.5
3/2/2010,88.85,1118.31,10221.8398,5776.5601,5484.06,1149.39,4701.9
3/3/2010,88.47,1118.79,10253.1396,5817.8799,5533.21,1157.37,4735.7
3/4/2010,89.02,1122.97,10145.7197,5795.3198,5527.16,1155.6,4750.5
3/5/2010,90.28,1138.7,10368.96,5877.3599,5599.76,1170.46,4767.2
3/8/2010,90.31,1138.5,10585.9199,5875.9102,5606.72,1174.7,4807.9
3/9/2010,89.97,1140.45,10567.6504,5885.8901,5602.3,1174.11,4820.1
3/10/2010,90.52,1145.61,10563.9199,5936.7202,5640.57,1180.31,4820
3/11/2010,90.51,1150.24,10664.9502,5928.6299,5617.26,1182.69,4814.2
3/12/2010,90.56,1149.99,10751.2598,5945.1099,5625.65,1187.37,4818.1
3/15/2010,90.53,1150.51,10751.9805,5903.5601,5593.85,1181.99,4784.1
3/16/2010,90.31,1159.46,10721.71,5970.9902,5620.43,1193.73,4797.2
3/17/2010,90.31,1166.21,10846.9805,6024.2798,5644.63,1202.51,4853.2
3/18/2010,90.39,1165.83,10744.0303,6012.3101,5642.62,1196.71,4863.1
3/19/2010,90.55,1159.9,10824.7197,5982.4302,5650.12,1190.78,4872.2
3/22/2010,90.14,1165.81,,5987.5,5644.54,1193.45,4830.2
3/23/2010,90.4,1174.17,10774.1504,6017.27,5673.63,1200.86,4874.8
3/24/2010,92.3,1167.72,10815.0303,6039,5677.88,1190.33,4891.5
3/25/2010,92.73,1165.73,10828.8496,6132.9502,5727.65,1191.75,4885.4
3/26/2010,92.52,1166.59,10996.3701,6120.0498,5703.02,1193.41,4896.9
3/29/2010,92.46,1173.22,10986.4697,6156.8501,5710.66,1200.62,4897.3
3/30/2010,92.77,1173.27,11097.1396,6142.4502,5672.32,1201.1,4916.8
3/31/2010,93.47,1169.43,11089.9404,6153.5498,5679.64,1200.53,4875.5
4/1/2010,93.82,1178.1,11244.4004,6235.5601,5744.89,1212.14,4907.7
4/2/2010,94.61,,11286.0898,,,1212.76,
4/5/2010,94.37,1187.44,11339.2998,,,1217.36,
4/6/2010,93.79,1189.44,11282.3203,6252.21,5780.35,1218.12,4953.7
4/7/2010,93.36,1182.45,11292.8301,6222.4102,5762.06,1213.33,4960.9
4/8/2010,93.38,1186.44,11168.2002,6171.8301,5712.7,1211.27,4937.9
4/9/2010,93.18,1194.37,11204.3398,6249.7002,5770.98,1223.32,4948.1
4/12/2010,93.24,1196.48,11251.9004,6250.6899,5777.65,1229.35,4984.3
4/13/2010,93.2,1197.3,11161.2305,6230.8301,5761.66,1226.01,4951.6
4/14/2010,93.23,1210.65,11204.9004,6278.3999,5796.25,1239.31,4994.7
4/15/2010,93.03,1211.67,11273.79,6291.4502,5825.01,1241.7,5001.9
4/16/2010,92.17,1192.13,11102.1797,6180.8999,5743.96,1222.25,4984.7
4/19/2010,92.4,1197.52,10908.7695,6162.4399,5727.91,1217.51,4915.1
4/20/2010,93.22,1207.17,10900.6797,6264.23,5783.69,1228.05,4925.8
4/21/2010,93.19,1205.94,11090.0498,6230.3799,5723.43,1225.37,4954.3
4/22/2010,93.49,1208.67,10949.0898,6168.7202,5665.33,1218.73,4907.4
4/23/2010,93.97,1217.28,10914.46,6259.5298,5723.65,1225.38,4881.5
4/26/2010,93.96,1212.05,11165.79,6332.1001,5753.85,1228.59,
4/27/2010,93.27,1183.71,11212.6602,6159.5098,5603.52,1202.48,4880
4/28/2010,94.03,1191.36,10924.79,6084.3398,5586.61,1194.23,4822.8
4/29/2010,94.03,1206.78,,6144.9102,5617.84,1208.26,4785.6
4/30/2010,93.85,1186.69,11057.4004,6135.7002,5553.29,1198.56,4807.4
5/3/2010,94.54,1202.26,,6166.9199,,1202.32,4785.5
5/4/2010,94.54,1173.6,,6006.8599,5411.11,1171.4,4737.1
5/5/2010,93.81,1165.9,,5958.4502,5341.93,1157.86,4674
5/6/2010,90.58,1128.15,10695.6904,5908.2598,5260.99,1125.36,4573.2
5/7/2010,91.59,1110.88,10364.5898,5715.0898,5123.02,1099.58,4480.7
5/10/2010,93.3,1159.73,10530.7002,6017.9102,5387.42,1153.48,4599.8
5/11/2010,92.65,1155.79,10411.0996,6037.71,5334.21,1144.89,4548
5/12/2010,93.24,1171.67,10394.0303,6183.4902,5383.45,1158.71,4573
5/13/2010,92.75,1157.44,10620.5498,6251.9702,5433.73,1152.64,4652.8
5/14/2010,92.47,1135.68,10462.5098,6056.71,5262.85,1123.78,4611.1
5/17/2010,92.59,1136.94,10235.7598,6066.9199,5262.54,1116.02,4467.2
5/18/2010,92.23,1120.8,10242.6396,6155.9302,5307.34,1111.91,4470.7
5/19/2010,91.71,1115.05,10186.8398,5988.6699,5158.08,1095.69,4387.1
5/20/2010,89.69,1071.59,10030.3096,5867.8799,5073.13,1063.61,4316.5
5/21/2010,90,1087.69,9784.54,5829.25,5062.93,1073.61,4305.4
5/24/2010,90.29,1073.65,9758.4004,5805.6802,5069.61,1064.01,4395.4
5/25/2010,90.23,1074.03,9459.8896,5670.04,4940.68,1048.53,4265.3
5/26/2010,89.92,1067.95,9522.6602,5758.02,5038.08,1053.25,4307.2
5/27/2010,91.04,1103.06,9639.7197,5937.1401,5195.17,1084.67,4379.2
5/28/2010,91.06,1089.41,9762.9805,5946.1802,5188.43,1080.3,4457.5
5/31/2010,91.27,,9768.7002,5964.3301,,1079.8,4429.7
6/1/2010,90.95,1070.71,9711.8301,5981.27,5163.3,1069.54,4413.1
6/2/2010,92.13,1098.38,9603.2402,5981.2002,5151.32,1079.22,4381
6/3/2010,92.71,1102.83,9914.1904,6054.6299,5211.18,1091,4486
6/4/2010,91.9,1064.88,9901.1904,5938.8799,5126,1060.27,4449.4
6/7/2010,91.37,1050.47,9520.7998,5904.9502,5069.06,1041.4,4325.9
6/8/2010,91.46,1062,9537.9404,5868.5498,5028.15,1045.48,4381.2
6/9/2010,91.3,1055.69,9439.1299,5984.75,5085.86,1050.35,4385.3
6/10/2010,91.34,1086.84,9542.6504,6056.5898,5132.5,1075.33,4435.3
6/11/2010,91.65,1091.6,9705.25,6047.8301,5163.68,1080.68,4505.5
6/14/2010,91.58,1089.63,9879.8496,6125,5202.13,1091.22,
6/15/2010,91.46,1115.23,9887.8896,6175.0498,5217.82,1108.34,4505
6/16/2010,91.44,1114.61,10067.1504,6190.9102,5237.92,1111.11,4559
6/17/2010,91.01,1116.04,9999.4004,6223.54,5253.89,1112.76,4527.3
6/18/2010,90.71,1117.51,9995.0195,6216.98,5250.84,1115.35,4551.9
6/21/2010,91.11,1113.2,10238.0098,6292.9702,5299.11,1120.55,4612.6
6/22/2010,90.57,1095.31,10112.8896,6269.04,5246.98,1105.21,4558.3
6/23/2010,89.82,1092.04,9923.7002,6204.52,5178.52,1095.86,4486.1
6/24/2010,89.61,1073.69,9928.3398,6115.48,5100.23,1082.39,4479.7
6/25/2010,89.23,1076.76,9737.4805,6070.6001,5046.47,1079.52,4413
6/28/2010,89.37,1074.57,9693.9404,6157.2202,5071.68,1082.59,4384.5
6/29/2010,88.6,1041.24,9570.6699,5952.0298,4914.22,1048.09,4345.7
6/30/2010,88.43,1030.71,9382.6396,5965.52,4916.87,1041.32,4301.5
7/1/2010,87.6,1027.37,9191.5996,5857.4302,4805.75,1036.08,4237.5
7/2/2010,87.75,1022.58,9203.71,5834.1499,4838.09,1036.62,4238.7
7/5/2010,87.77,,9266.7803,5816.2002,4823.53,1033.74,4222.1
7/6/2010,87.52,1028.06,9338.04,5940.98,4965,1051.6,4276.1
7/7/2010,87.7,1060.27,9279.6504,5992.8599,5014.82,1071.75,4254.6
7/8/2010,88.36,1070.25,9535.7402,6035.6602,5105.45,1084.87,4356.7
7/9/2010,88.62,1077.96,9585.3203,6065.2402,5132.94,1091.53,4396.3
7/12/2010,88.62,1078.75,9548.1104,6077.1899,5167.02,1091.47,4409.9
7/13/2010,88.74,1095.34,9537.2305,6191.1299,5271.02,1109.01,4380.3
7/14/2010,88.41,1095.17,9795.2402,6209.7598,5253.52,1113.08,4462.4
7/15/2010,87.4,1096.48,9685.5303,6149.3599,5211.29,1113.12,4442.6
7/16/2010,86.57,1064.88,9408.3604,6040.27,5158.85,1089.89,4422.7
7/19/2010,86.69,1071.25,,6009.1099,5148.28,1089.31,4358.3
7/20/2010,87.51,1083.48,9300.46,5967.4902,5139.46,1093.51,4403.6
7/21/2010,87.05,1069.59,9278.8301,5990.3799,5214.64,1088.38,4412.7
7/22/2010,86.95,1093.67,9220.8799,6142.1499,5313.81,1110.1,4374.7
7/23/2010,87.46,1102.66,9430.96,6166.3398,5312.62,1117.45,4458.4
7/26/2010,86.88,1115.01,9503.6602,6194.21,5351.12,1129.75,4486.1
7/27/2010,87.9,1113.84,9496.8496,6207.3101,5365.67,1130.92,4497.4
7/28/2010,87.47,1106.13,9753.2695,6178.9399,5319.68,1129.3,4529.9
7/29/2010,86.79,1101.53,9696.0195,6134.7002,5313.95,1128.23,4524.1
7/30/2010,86.47,1101.6,9537.2998,6147.9702,5258.02,1124.83,4493.5
8/2/2010,86.5,1125.86,9570.3096,6292.1299,5397.11,1152.17,4541.6
8/3/2010,85.79,1120.46,9694.0098,6307.9102,5396.48,1152.99,4571.6
8/4/2010,86.27,1127.24,9489.3398,6331.3301,5386.16,1152.5,4542.1
8/5/2010,85.82,1125.81,9653.9199,6333.5801,5365.78,1153.01,4566.5
8/6/2010,85.51,1121.64,9642.1201,6259.6299,5332.39,1152.25,4566.1
8/9/2010,85.94,1127.79,9572.4902,6351.6001,5410.52,1158.18,4594.9
8/10/2010,85.44,1121.06,9551.0498,6286.25,5376.41,1145.36,4540.7
8/11/2010,85.32,1089.47,9292.8496,6154.0698,5245.21,1112.83,4455.5
8/12/2010,85.9,1083.61,9212.5898,6135.1699,5266.06,1106.07,4400.9
8/13/2010,86.2,1079.25,9253.46,6110.4102,5275.44,1103.56,4459.6
8/16/2010,85.33,1079.38,9196.6699,6110.5698,5276.1,1106.21,4438.5
8/17/2010,85.53,1092.54,9161.6797,6206.3999,5350.55,1118.89,4477
8/18/2010,85.46,1094.16,9240.54,6186.3101,5302.87,1119.66,4474.9
8/19/2010,85.39,1075.63,9362.6797,6075.1299,5211.29,1106.91,4479
8/20/2010,85.62,1071.69,9179.3799,6005.1602,5195.28,1093.77,4430.9
8/23/2010,85.16,1067.36,9116.6904,6010.9102,5234.84,1093.24,4429
8/24/2010,83.9,1051.87,8995.1396,5935.4399,5155.95,1079.04,4381.3
8/25/2010,84.58,1055.33,8845.3896,5899.5,5109.4,1073.83,4320.1
8/26/2010,84.45,1047.22,8906.4805,5912.5801,5155.84,1077.34,4356
8/27/2010,85.23,1064.59,8991.0596,5951.1699,5201.56,1089.24,4370.1
8/30/2010,84.62,1048.92,9149.2598,5912.4102,,1083.62,4452.7
8/31/2010,84.2,1049.33,8824.0596,5925.2202,5225.22,1080.7,4404.2
9/1/2010,84.44,1080.29,8927.0195,6083.8999,5366.41,1111.52,4495.7
9/2/2010,84.28,1090.1,9062.8398,6083.8501,5371.04,1119.15,4532.7
9/3/2010,84.31,1104.51,9114.1299,6134.6201,5428.15,1131.49,4541.2
9/6/2010,84.21,,9301.3203,6155.04,5439.19,1136.22,4575.5
9/7/2010,83.83,1091.84,9226,6117.8901,5407.82,1123.68,4573.2
9/8/2010,83.88,1098.87,9024.5996,6164.4399,5429.74,1128.58,4537.2
9/9/2010,83.78,1104.18,9098.3896,6221.52,5494.16,1136.71,4582.2
9/10/2010,84.15,1109.55,9239.1699,6214.77,5501.64,1139.02,4560.3
9/13/2010,83.71,1121.9,9321.8203,6261.6802,5565.53,1154.48,4614.9
9/14/2010,83.04,1121.1,9299.3096,6275.4102,5567.41,1158.15,4626.5
9/15/2010,85.75,1125.07,9516.5596,6261.8701,5555.56,1159.21,4661.5
9/16/2010,85.78,1124.66,9509.5,6249.6499,5540.14,1157.07,4605.3
9/17/2010,85.86,1125.59,9626.0898,6209.7598,5508.45,1156.1,4638.9
9/20/2010,85.69,1142.71,,6294.5801,5602.54,1171.56,4631.3
9/21/2010,85.09,1139.78,9602.1104,6275.98,5576.19,1169.47,4617.5
9/22/2010,84.5,1134.28,9566.3203,6208.3301,5551.91,1170.55,4625.2
9/23/2010,84.38,1124.83,,6184.71,5547.08,1163.33,4633.6
9/24/2010,84.21,1148.67,9471.6699,6298.2998,5598.48,1183.03,4601.9
9/27/2010,84.29,1142.16,9603.1396,6278.8901,5573.42,1180.6,4675.4
9/28/2010,83.87,1147.7,9495.7598,6276.0898,5578.44,1184.13,4669.8
9/29/2010,83.7,1144.73,9559.3799,6246.9199,5569.27,1183.96,4645
9/30/2010,83.53,1141.2,9369.3496,6229.02,5548.62,1179.19,4582.9
10/1/2010,83.22,1146.24,9404.2305,6211.3398,5592.9,1184.19,4579.2
10/4/2010,83.36,1137.03,9381.0596,6134.21,5555.97,1175.34,4625.3
10/5/2010,83.22,1160.75,9518.7598,6215.8301,5635.76,1199,4606.9
10/6/2010,82.93,1159.97,9691.4297,6270.73,5681.39,1205.33,4686.8
10/7/2010,82.41,1158.06,9684.8096,6276.25,5662.13,1206.36,4691.3
10/8/2010,81.93,1165.15,9588.8799,6291.6699,5657.61,1209.77,4681.4
10/11/2010,82.07,1165.32,,6309.5098,5672.4,1210.44,4697.5
10/12/2010,81.72,1169.77,9388.6396,6304.5698,5661.59,1207.82,4618.2
10/13/2010,81.81,1178.1,9403.5098,6434.52,5747.35,1222.06,4619.9
10/14/2010,81.48,1173.81,9583.5098,6455.27,5727.21,1226.07,4699.1
10/15/2010,81.45,1176.19,9500.25,6492.2998,5703.37,1223.43,4689
10/18/2010,81.27,1184.71,9498.4902,6516.6299,5742.52,1227.86,4651.9
10/19/2010,81.59,1165.9,9539.4502,6490.6899,5703.89,1208.85,4655.7
10/20/2010,81.09,1178.17,9381.5996,6524.5498,5728.93,1221.86,4624.9
10/21/2010,81.33,1180.26,9376.4805,6611.0098,5757.86,1224.92,4622.9
10/22/2010,81.38,1183.08,9426.71,6605.8398,5741.37,1222.96,4648.2
10/25/2010,80.81,1185.62,9401.1602,6639.21,5751.98,1229.69,4710
10/26/2010,81.43,1185.64,9377.3799,6613.7998,5707.3,1223.8,4687.8
10/27/2010,81.75,1182.45,9387.0303,6568,5646.02,1213.89,4648.1
10/28/2010,81.03,1183.78,9366.0303,6595.2798,5677.89,1221.35,4684.9
10/29/2010,80.4,1183.26,9202.4502,6601.3701,5675.16,1222.23,4661.6
11/1/2010,80.51,1184.38,9154.7197,6604.8599,5694.62,1223.31,4698.5
11/2/2010,80.63,1193.57,9159.9805,6654.3101,5757.43,1233.98,4701.4
11/3/2010,81.07,1197.96,,6617.7998,5748.97,1233.94,4722.6
11/4/2010,80.75,1221.06,9358.7803,6734.6899,5862.79,1263.41,4745.3
11/5/2010,81.26,1225.85,9625.9902,6754.2002,5875.35,1264.73,4800.6
11/8/2010,81.18,1223.25,9732.9199,6750.5,5849.96,1261.37,4778.4
11/9/2010,81.69,1213.4,9694.4902,6787.8101,5875.19,1258.77,4740.7
11/10/2010,82.28,1218.71,9830.5195,6719.8398,5816.94,1250.41,4699.8
11/11/2010,82.49,1213.54,9861.46,6723.4102,5815.23,1248.13,4728.6
11/12/2010,82.53,1199.21,9724.8096,6734.6099,5796.87,1236.35,4692.7
11/15/2010,83.07,1197.75,9827.5098,6790.1699,5820.41,1235.37,4688
11/16/2010,83.29,1178.34,9797.0996,6663.2402,5681.9,1212.56,4700.3
11/17/2010,83.18,1178.59,9811.6602,6700.0698,5692.56,1214.57,4624.3
11/18/2010,83.52,1196.69,10013.6299,6832.1099,5768.71,1234.12,4640.2
11/19/2010,83.55,1199.73,10022.3896,6843.5498,5732.83,1235.33,4629.2
11/22/2010,83.33,1197.84,10115.1904,6822.0498,5680.83,1231.42,4643.5
11/23/2010,83.16,1180.73,,6705,5581.28,1210.65,4589.1
11/24/2010,83.54,1198.35,10030.1104,6823.7998,5657.1,1221.91,4584.7
11/25/2010,83.6,,10079.7598,6879.6602,5698.93,1223.73,4593.4
11/26/2010,84.1,1189.4,10039.5596,6848.98,5668.7,1210.36,4598.3
11/29/2010,84.26,1187.76,10125.9902,6697.9702,5550.95,1200.86,4618.5
11/30/2010,83.69,1180.55,9937.04,6688.4902,5528.27,1193.56,4584.4
12/1/2010,84.19,1206.07,9988.0498,6866.6299,5642.5,1216.68,4586.6
12/2/2010,83.82,1221.53,10168.5195,6957.6099,5767.56,1237.41,4676.2
12/3/2010,82.53,1224.71,10178.3203,6947.7202,5745.32,1247.15,4694.2
12/6/2010,82.66,1223.12,10167.2305,6954.3799,5770.28,1244.75,4688.6
12/7/2010,83.49,1223.75,10141.0996,7001.9102,5808.45,1249.36,4726.8
12/8/2010,84.04,1228.28,10232.3301,6975.8701,5794.53,1246.56,4699.9
12/9/2010,83.76,1233,10285.8799,6964.1602,5807.96,1251.22,4741.3
12/10/2010,83.95,1240.4,10211.9502,7006.1699,5812.95,1256.52,4745.9
12/13/2010,83.39,1240.46,10293.8896,7029.3901,5860.75,1265.32,4757.1
12/14/2010,83.66,1241.59,10316.7695,7027.3999,5891.21,1267.7,4766.9
12/15/2010,84.24,1235.23,10309.7803,7016.3701,5882.18,1259.68,4767.8
12/16/2010,83.91,1242.87,10311.29,7024.3999,5881.12,1260.04,4784
12/17/2010,83.98,1243.91,10303.8301,6982.4502,5871.75,1257.84,4763.1
12/20/2010,83.77,1247.08,10216.4102,7018.6001,5891.61,1259.82,4736.6
12/21/2010,83.75,1254.6,10370.5303,7077.9902,5951.8,1271.28,4771.9
12/22/2010,83.57,1258.84,10346.4805,7067.9199,5983.49,1273.73,4778.4
12/23/2010,82.91,1256.77,,7057.6899,5996.07,1273.48,4799
12/24/2010,82.88,,10279.1904,,6008.92,1274.42,4777.3
12/27/2010,82.81,1257.54,10355.9902,6970.73,,1272.94,
12/28/2010,82.38,1258.51,10292.6299,6972.1001,,1275.54,
12/29/2010,81.62,1259.78,10344.54,6995.4702,5996.36,1279.09,4775.2
12/30/2010,81.53,1257.88,10228.9199,6914.1899,5971.01,1276.69,4790.4
12/31/2010,81.12,1257.64,,,5899.94,1280.07,4745.2
1/3/2011,81.74,1271.87,,6989.7402,,1287.94,
1/4/2011,82.04,1270.2,10398.0996,6975.3501,6013.87,1289.26,4742.5
1/5/2011,83.25,1276.56,10380.7695,6939.8198,6043.86,1285.14,4714.9
1/6/2011,83.33,1273.85,10529.7598,6981.3901,6019.51,1283.66,4725
1/7/2011,83.15,1271.5,10541.04,6947.8398,5984.33,1281.41,4705
1/10/2011,82.71,1269.75,,6857.0601,5956.3,1275.61,4712.3
1/11/2011,83.24,1274.48,10510.6797,6941.5698,6014.03,1282.23,4710.7
1/12/2011,83,1285.96,10512.7998,7068.7798,6050.72,1298.46,4724.2
1/13/2011,82.81,1283.76,10589.7598,7075.1099,6023.88,1305.34,4795.2
1/14/2011,82.87,1293.24,10499.04,7075.7002,6002.07,1309,4801.5
1/17/2011,82.68,,10502.8604,7078.0601,5985.7,1307.42,4763.1
1/18/2011,82.56,1295.02,10518.9805,7143.4502,6056.43,1316.17,4801.8
1/19/2011,82.02,1281.92,10557.0996,7082.7598,5976.7,1308.81,4834.6
1/20/2011,83.01,1280.26,10437.3096,7024.27,5867.91,1295.09,4783.7
1/21/2011,82.57,1283.35,10274.5195,7062.4199,5896.25,1302.54,4755.7
1/24/2011,82.53,1290.84,10345.1104,7067.77,5943.85,1312.18,4786
1/25/2011,82.25,1291.18,10464.4199,7059.0098,5917.71,1310.93,4807.8
1/26/2011,82.17,1296.63,10401.9004,7127.3501,5969.21,1318.32,
1/27/2011,82.92,1299.54,10478.6602,7155.5801,5965.08,1321.14,4806.1
1/28/2011,82.12,1276.34,10360.3398,7102.7998,5881.37,1302.13,4774.9
1/31/2011,82.04,1286.12,10237.9199,7077.48,5862.94,1308.08,4753.9
2/1/2011,81.35,1307.59,10274.5,7184.27,5957.82,1330.27,4752.1
2/2/2011,81.55,1304.03,10457.3604,7183.6699,6000.07,1332.77,4796.5
2/3/2011,81.63,1307.1,10431.3604,7193.6802,5983.34,1329.93,4820.6
2/4/2011,82.18,1310.87,10543.5195,7216.21,5997.38,1331.65,4862.7
2/7/2011,82.33,1319.05,10592.04,7283.6201,6051.03,1339.44,4868.5
2/8/2011,82.36,1324.57,10635.9805,7323.2402,6091.33,1347.36,4890.4
2/9/2011,82.36,1320.88,10617.8301,7320.8999,6052.29,1342.34,4904.8
2/10/2011,83.23,1321.87,10605.6504,7340.2798,6020.01,1337.85,4914.4
2/11/2011,83.43,1329.15,,7371.2002,6062.9,1340.99,4880.9
2/14/2011,83.32,1332.32,10725.54,7396.6299,6060.09,1344.83,4935.8
2/15/2011,83.77,1328.01,10746.6699,7400.04,6037.08,1344.27,4931
2/16/2011,83.68,1336.32,10808.29,7414.2998,6085.27,1352.03,4930.2
2/17/2011,83.31,1340.43,10836.6396,7405.5098,6087.38,1359.68,4938.4
2/18/2011,83.18,1343.01,10842.7998,7426.8101,6082.99,1362.62,4936.7
2/21/2011,83.14,,10857.5303,7321.8101,6014.8,1358.1,4900
2/22/2011,82.77,1315.44,10664.7002,7318.3501,5996.76,1338.12,4856.7
2/23/2011,82.51,1307.4,10579.0996,7194.6001,5923.53,1329.9,4845.9
2/24/2011,81.89,1306.1,10452.71,7130.5,5919.98,1327.06,4809.3
2/25/2011,81.68,1319.88,10526.7598,7185.1699,6001.2,1341.3,4836.5
2/28/2011,81.78,1327.22,10624.0898,7272.3198,5994.01,1351.65,4831.7
3/1/2011,81.86,1306.33,10754.0303,7223.2998,5935.76,1340.89,4826.4
3/2/2011,81.87,1308.44,10492.3799,7181.1201,5914.89,1337.94,4803.2
3/3/2011,82.45,1330.97,10586.0195,7225.96,6005.09,1352.05,4806.4
3/4/2011,82.32,1321.15,10693.6602,7178.8999,5990.39,1348.44,4864.3
3/7/2011,82.24,1310.13,10505.0195,7161.9302,5973.78,1338.87,4797.9
3/8/2011,82.67,1321.82,10525.1904,7164.75,5974.76,1341.05,4808.2
3/9/2011,82.74,1320.02,10589.5,7131.7998,5937.3,1339.58,4767.8
3/10/2011,82.98,1295.11,10434.3799,7063.0898,5845.29,1313.55,4699.7
3/11/2011,81.84,1304.28,10254.4297,6981.4902,5828.67,1315.07,4644.8
3/14/2011,81.63,1296.39,9620.4902,6866.6299,5775.24,1301.31,4626.4
3/15/2011,80.72,1281.87,8605.1504,6647.6602,5695.28,1271.87,4528.7
3/16/2011,79.59,1256.88,9093.7197,6513.8398,5598.23,1260.15,4558.2
3/17/2011,78.89,1273.72,8962.6699,6656.8799,5696.11,1279.69,4555.3
3/18/2011,80.58,1279.2,9206.75,6664.3999,5718.13,1287.13,4626.4
3/21/2011,81.03,1298.38,,6816.1201,5786.09,1307.42,4642.8
3/22/2011,80.97,1293.77,9608.3203,6780.9702,5762.71,1311.01,4643.4
3/23/2011,80.92,1297.54,9449.4697,6804.4502,5795.88,1311.62,4652.4
3/24/2011,80.97,1309.66,9435.0098,6933.5801,5880.87,1324.04,4699.6
3/25/2011,81.34,1313.8,9536.1299,6946.3599,5900.76,1325.85,4742.6
3/28/2011,81.69,1310.19,9478.5303,6938.6299,5904.49,1321.61,4733.6
3/29/2011,82.48,1319.44,9459.0801,6934.4399,5932.17,1323.81,4755.8
3/30/2011,82.89,1328.26,9708.79,7057.1499,5948.3,1335.98,4822.2
3/31/2011,83.13,1325.83,9755.0996,7041.3101,5908.76,1334.93,4837.9
4/1/2011,84.06,1332.41,9708.3896,7179.8101,6009.92,1341.45,4861.8
4/4/2011,84.06,1332.87,9718.8896,7175.3301,6016.98,1345.62,4886.8
4/5/2011,84.87,1332.63,9615.5498,7175.3101,6007.06,1343.64,4900.1
4/6/2011,85.49,1335.54,9584.3701,7215.1099,6041.13,1348.86,4912.9
4/7/2011,84.91,1333.51,9590.9297,7178.7798,6007.37,1345.2,4908.1
4/8/2011,84.76,1328.17,9768.0801,7217.02,6055.75,1351.43,4940.6
4/11/2011,84.6,1324.46,9719.7002,7204.8599,6053.44,1348.65,4971.2
4/12/2011,83.58,1314.16,9555.2598,7102.9102,5964.47,1333.85,4898.7
4/13/2011,83.84,1314.41,9641.1797,7177.9702,6010.44,1338.75,4911
4/14/2011,83.5,1314.52,9653.9199,7146.5601,5963.8,1336.54,4884.2
4/15/2011,83.13,1319.68,9591.5195,7178.29,5996.01,1338.04,4852.1
4/18/2011,82.66,1305.14,9556.6504,7026.8501,5870.08,1316.91,4861.9
4/19/2011,82.59,1312.62,9441.0303,7039.3101,5896.87,1324.45,4793.3
4/20/2011,82.56,1330.36,9606.8203,7249.1899,6022.26,1350.22,4859
4/21/2011,81.85,1337.38,9685.7695,7295.4902,6018.3,1360.95,4913.8
4/22/2011,81.88,,9682.21,,,1361.03,
4/25/2011,81.83,1335.25,9671.96,,,1357.5,
4/26/2011,81.55,1347.24,9558.6904,7356.5098,6069.36,1366.69,
4/27/2011,82.16,1355.66,9691.8398,7404.9502,6068.16,1371.38,4872.9
4/28/2011,81.54,1360.48,9849.7402,7475.2202,6069.9,1384.94,4873
4/29/2011,81.19,1363.61,,7514.46,,1388.62,4823.2
5/2/2011,81.23,1361.22,10004.2002,7527.6401,,1391.86,4825.3
5/3/2011,80.94,1356.62,,7500.7002,6082.88,1382.99,4784.6
5/4/2011,80.61,1347.32,,7373.9302,5984.07,1371.36,4740.1
5/5/2011,80.07,1335.1,,7376.96,5919.98,1355.45,4753.7
5/6/2011,80.63,1340.2,9859.2002,7492.25,5976.77,1359.27,4743
5/9/2011,80.36,1346.29,9794.3799,7410.52,5942.69,1353.77,4756.8
5/10/2011,80.88,1357.16,9818.7598,7501.52,6018.89,1366.36,4725.8
5/11/2011,81.05,1342.08,9864.2598,7495.0498,5976,1357.35,4780.2
5/12/2011,80.94,1348.65,9716.6504,7443.9502,5944.96,1351.14,4696.1
5/13/2011,80.8,1337.77,9648.7695,7403.3101,5925.87,1343.17,4711.4
5/16/2011,80.79,1329.47,9558.2998,7387.54,5923.69,1336.65,4650
5/17/2011,81.42,1328.98,9567.0195,7256.6499,5861,1329.33,4683.9
5/18/2011,81.68,1340.68,9662.0801,7303.5298,5923.49,1341.98,4693.7
5/19/2011,81.61,1343.6,9620.8203,7358.23,5955.99,1345.73,4756.4
5/20/2011,81.7,1333.27,9607.0801,7266.8198,5948.49,1336.65,4732.2
5/23/2011,82.01,1317.37,9460.6299,7121.52,5835.89,1313.69,4643
5/24/2011,81.95,1316.28,9477.1699,7150.6602,5858.41,1315.76,4628.8
5/25/2011,81.97,1320.47,9422.8799,7170.9399,5870.14,1320.26,4584.7
5/26/2011,81.29,1325.69,9562.0498,7114.0898,5880.99,1326.96,4660.2
5/27/2011,80.8,1331.1,9521.9404,7163.4702,5938.87,1338.47,4684
5/30/2011,80.94,,9504.9697,7160.2998,,1338.29,4667.5
5/31/2011,81.52,1345.2,9693.7305,7293.6899,5989.99,1354.61,4708.3
6/1/2011,80.95,1314.55,9719.6104,7217.4302,5928.61,1335.59,4707.3
6/2/2011,80.9,1312.94,9555.04,7074.1201,5847.92,1325.36,4600.4
6/3/2011,80.34,1300.16,9492.21,7109.0298,5855.01,1320.11,4583.1
6/6/2011,80.1,1286.17,9380.3496,7084.5698,5863.16,1309.78,4569.1
6/7/2011,80.09,1284.94,9442.9502,7103.25,5864.65,1311.9,4566.3
6/8/2011,79.89,1279.56,9449.46,7060.23,5808.89,1301.84,4536.8
6/9/2011,80.36,1289,9467.1504,7159.6602,5856.34,1307.93,4549.6
6/10/2011,80.32,1270.98,9514.4404,7069.8999,5765.8,1288.49,4562.1
6/13/2011,80.24,1271.83,9448.21,7085.1401,5773.46,1288.49,
6/14/2011,80.49,1287.87,9547.79,7204.79,5803.13,1305.84,4585
6/15/2011,80.96,1265.42,9574.3203,7115.0801,5742.55,1283.97,4566.8
6/16/2011,80.63,1267.64,9411.2803,7110.2002,5698.81,1273.56,4479.2
6/17/2011,80.05,1271.5,9351.4004,7164.0498,5714.94,1280.58,4484.9
6/20/2011,80.25,1278.36,9354.3203,7150.21,5693.39,1281.55,4451.7
6/21/2011,80.21,1295.52,9459.6602,7285.5098,5775.31,1301.77,4508.2
6/22/2011,80.29,1287.14,9629.4297,7278.1899,5772.99,1299.53,4532.6
6/23/2011,80.51,1283.5,9596.7402,7149.4399,5674.38,1281.57,4500.5
6/24/2011,80.43,1268.45,9678.71,7121.3799,5697.72,1275.45,4508.1
6/27/2011,80.89,1280.1,9578.3096,7107.8999,5722.34,1281.77,4461.8
6/28/2011,81.12,1296.67,9648.9805,7170.4302,5766.88,1296.43,4474.3
6/29/2011,80.78,1307.41,9797.2598,7294.1401,5855.95,1314,4529.5
6/30/2011,80.56,1320.64,9816.0898,7376.2402,5945.71,1331.18,4608
7/1/2011,80.83,1339.67,9868.0703,7419.4399,5989.76,1343.81,4591.2
7/4/2011,80.8,,9965.0898,7442.96,6017.54,1348.18,4610.7
7/5/2011,81.07,1337.88,9972.46,7439.4399,6024.03,1345.93,4598.1
7/6/2011,80.91,1339.22,10082.4805,7431.1899,6002.92,1341.98,4605
7/7/2011,81.25,1353.22,10071.1396,7471.4399,6054.55,1352.39,4605.5
7/8/2011,80.64,1343.8,10137.7305,7402.73,5990.58,1343.13,4654.7
7/11/2011,80.26,1319.49,10069.5303,7230.25,5929.16,1314.81,4582.3
7/12/2011,79.24,1313.64,9925.9199,7174.1401,5868.96,1307.28,4495.4
7/13/2011,78.98,1317.72,9963.1396,7267.8701,5906.43,1320.34,4514.8
7/14/2011,79.14,1308.87,9936.1201,7214.7402,5846.95,1310.83,4490.7
7/15/2011,79.13,1316.14,9974.4697,7220.1201,5843.66,1313.17,4473.5
7/18/2011,79.04,1305.44,,7107.9199,5752.81,1297.04,4472
7/19/2011,79.18,1326.73,9889.7197,7192.6699,5789.99,1316.54,4468.1
7/20/2011,78.78,1325.84,10005.9004,7221.3599,5853.82,1324.12,4549.7
7/21/2011,78.3,1343.8,10010.3896,7290.1401,5899.89,1343.72,4556
7/22/2011,78.54,1345.02,10132.1104,7326.3901,5935.02,1348.69,4602.9
7/25/2011,78.29,1337.43,10050.0098,7344.54,5925.26,1340.94,4530.4
7/26/2011,77.88,1331.94,10097.7197,7349.4502,5929.73,1342.4,4573.3
7/27/2011,77.98,1304.89,10047.1904,7252.6802,5856.58,1318.96,4537.4
7/28/2011,77.67,1300.67,9901.3496,7190.0601,5873.21,1312.62,4463.8
7/29/2011,76.76,1292.28,9833.0303,7158.77,5815.19,1306.05,4424.6
8/1/2011,77.21,1286.94,9965.0098,6953.98,5774.43,1297.23,4497.8
8/2/2011,77.15,1254.05,9844.5898,6796.75,5718.39,1269.44,4433.6
8/3/2011,77.06,1260.34,9637.1396,6640.5898,5584.51,1262.71,4332.8
8/4/2011,78.89,1200.07,9659.1797,6414.7598,5393.14,1208.4,4276.5
8/5/2011,78.4,1199.38,9299.8799,6236.1602,5246.99,1194.05,4105.4
8/8/2011,77.77,1119.46,9097.5596,5923.27,5068.95,1132.91,3986.1
8/9/2011,76.96,1172.53,8944.4805,5917.0801,5164.92,1164.91,4034.8
8/10/2011,76.86,1120.76,9038.7402,5613.4199,5007.16,1130.33,4141.3
8/11/2011,76.84,1172.64,8981.9404,5797.6602,5162.83,1166.54,4140.8
8/12/2011,76.71,1178.81,8963.7197,5997.7402,5320.03,1180.82,4172.6
8/15/2011,76.83,1204.49,9086.4102,6022.2402,5350.58,1204.8,4282.9
8/16/2011,76.8,1192.76,9107.4297,5994.8999,5357.63,1196.58,4247.3
8/17/2011,76.6,1193.89,9057.2598,5948.9399,5331.6,1200.34,4303.9
8/18/2011,76.58,1140.65,8943.7598,5602.7998,5092.23,1147.86,4251.2
8/19/2011,76.55,1123.53,8719.2402,5480,5040.76,1131.69,4101.9
8/22/2011,76.79,1123.82,8628.1299,5473.7798,5095.3,1131.33,4082.3
8/23/2011,76.66,1162.35,8733.0098,5532.3799,5129.42,1157.75,4173.4
8/24/2011,76.98,1177.6,8639.6104,5681.0801,5205.85,1168.58,4167.6
8/25/2011,77.46,1159.27,8772.3604,5584.1401,5131.1,1154.64,4212.8
8/26/2011,76.64,1176.8,8797.7803,5537.48,5129.92,1163.02,4200
8/29/2011,76.83,1210.08,8851.3496,5670.0698,,1190.92,4263.3
8/30/2011,76.74,1212.92,8953.9004,5643.9199,5268.66,1196.18,4269.2
8/31/2011,76.66,1218.89,8955.2002,5784.8501,5394.53,1211.22,4296.5
9/1/2011,76.93,1204.42,9060.7998,5730.6299,5418.65,1203.17,4307.5
9/2/2011,76.8,1173.97,8950.7402,5538.3301,5292.03,1175.26,4242.9
9/5/2011,76.89,,8784.46,5246.1802,5102.58,1153.57,4141.9
9/6/2011,77.66,1165.24,8590.5703,5193.9702,5156.84,1141.91,4075.5
9/7/2011,77.26,1198.62,8763.4102,5405.5298,5318.59,1173.44,4183.4
9/8/2011,77.51,1185.9,8793.1201,5408.46,5340.38,1169.62,4188
9/9/2011,77.61,1154.23,8737.6602,5189.9302,5214.65,1134.68,4194.7
9/12/2011,77.21,1162.27,8535.6699,5072.3301,5129.62,1122.68,4038.5
9/13/2011,76.96,1172.87,8616.5498,5166.3599,5174.25,1134.65,4072.7
9/14/2011,76.62,1188.68,8518.5703,5340.1899,5227.02,1145.07,4005.8
9/15/2011,76.7,1209.11,8668.8604,5508.2402,5337.54,1169.47,4071.7
9/16/2011,76.79,1216.01,8864.1602,5573.5098,5368.41,1176.03,4149.4
9/19/2011,76.58,1204.09,,5415.9102,5259.56,1156.53,4081.5
9/20/2011,76.45,1202.09,8721.2402,5571.6802,5363.71,1161.94,4040.2
9/21/2011,76.46,1166.76,8741.1602,5433.7998,5288.41,1137.18,4071.8
9/22/2011,76.24,1129.56,8560.2598,5164.21,5041.61,1089.33,3964.9
9/23/2011,76.61,1136.43,,5196.5601,5066.81,1094.92,3903.2
9/26/2011,76.36,1162.95,8374.1299,5345.5601,5089.37,1109.43,3863.9
9/27/2011,76.81,1175.38,8609.9502,5628.4399,5294.05,1140.16,4004.6
9/28/2011,76.61,1151.06,8615.6504,5578.4199,5217.63,1122.45,4039.5
9/29/2011,76.83,1160.4,8701.2305,5639.5801,5196.84,1129.7,4008.3
9/30/2011,77.06,1131.42,8700.29,5502.02,5128.48,1104.06,4008.6
10/3/2011,76.63,1099.23,8545.4805,5376.7002,5075.5,1074.81,3897
10/4/2011,76.81,1123.95,8456.1201,5216.71,4944.44,1074.5,3872.1
10/5/2011,76.79,1144.03,8382.9805,5473.0298,5102.17,1096.16,3926.5
10/6/2011,76.72,1164.97,8522.0195,5645.25,5291.26,1123.85,4069.9
10/7/2011,76.73,1155.46,8605.6201,5675.7002,5303.4,1126.15,4162.9
10/10/2011,76.68,1194.89,,5847.29,5399,1156.54,4201
10/11/2011,76.65,1195.54,8773.6797,5865.0098,5395.7,1159.28,4227.6
10/12/2011,77.26,1207.25,8738.9004,5994.4702,5441.8,1175.71,4204.3
10/13/2011,76.9,1203.66,8823.25,5914.8398,5403.38,1169.21,4244.5
10/14/2011,77.22,1224.58,8747.96,5967.2002,5466.36,1186.4,4205.6
10/17/2011,76.83,1200.86,8879.5996,5859.4302,5436.7,1171.84,4275.4
10/18/2011,76.82,1225.38,8741.9102,5877.4102,5410.35,1177.54,4186.9
10/19/2011,76.81,1209.88,8772.54,5913.5298,5450.49,1174.97,4213.7
10/20/2011,76.8,1215.39,8682.1504,5766.48,5384.68,1166.92,4144.9
10/21/2011,76.29,1238.25,8678.8896,5970.96,5488.65,1194.33,4141.9
10/24/2011,76.1,1254.19,8843.9805,6055.27,5548.06,1211.89,4255
10/25/2011,76.09,1229.05,8762.3096,6046.75,5525.54,1195.81,4227.9
10/26/2011,76.18,1242,8748.4697,6016.0698,5553.24,1200.43,4242.5
10/27/2011,75.95,1284.59,8926.54,6337.8398,5713.82,1250.82,4348.2
10/28/2011,75.82,1285.09,9050.4697,6346.1899,5702.24,1254.2,4353.3
10/31/2011,78.17,1253.3,8988.3896,6141.3398,5544.22,1217.3,4298.1
11/1/2011,78.37,1218.28,8835.5195,5834.5098,5421.57,1174.77,4232.9
11/2/2011,78.05,1237.9,8640.4199,5965.6299,5484.1,1189.3,4184.6
11/3/2011,78.06,1261.15,,6133.1802,5545.64,1206.76,4171.8
11/4/2011,78.24,1253.23,8801.4004,5966.1602,5527.16,1203.07,4281.1
11/7/2011,78.05,1261.12,8767.0898,5928.6802,5510.82,1204.97,4273.4
11/8/2011,77.73,1275.92,8655.5098,5961.4399,5567.34,1215.69,4293.8
11/9/2011,77.82,1229.1,8755.4404,5829.54,5460.38,1180.59,4346.1
11/10/2011,77.65,1239.69,8500.7998,5867.8101,5444.82,1178.92,4244.1
11/11/2011,77.2,1263.85,8514.4697,6057.0298,5545.38,1205.46,4296.5
11/14/2011,77.07,1251.78,8603.7002,5985.02,5519.04,1194.56,4304.6
11/15/2011,77.03,1257.81,8541.9297,5933.1401,5517.44,1191.2,4285.6
11/16/2011,77.06,1236.91,8463.1602,5913.3599,5509.02,1178.95,4247.4
11/17/2011,76.98,1216.13,8479.6299,5850.1699,5423.14,1162.67,4258.2
11/18/2011,76.91,1215.65,8374.9102,5800.2402,5362.94,1157.5,4177
11/21/2011,76.89,1192.98,8348.2695,5606,5222.6,1130.98,4163
11/22/2011,76.97,1188.04,8314.7402,5537.3901,5206.82,1127.25,4133
11/23/2011,77.31,1161.79,,5457.77,5139.78,1102.89,4051
11/24/2011,77.12,,8165.1802,5428.1099,5127.57,1099.84,4044.2
11/25/2011,77.73,1158.67,8160.0098,5492.8701,5164.65,1097.81,3984.3
11/28/2011,77.98,1192.55,8287.4902,5745.3301,5312.76,1132.35,4058.2
11/29/2011,77.93,1195.19,8477.8203,5799.9102,5337,1139.7,4102.1
11/30/2011,77.62,1246.96,8434.6104,6088.8398,5505.42,1184.6,4119.8
12/1/2011,77.7,1244.58,8597.3799,6035.8799,5489.34,1184.46,4228.6
12/2/2011,77.99,1244.28,8643.75,6080.6802,5552.29,1187.64,4288
12/5/2011,77.82,1257.08,8695.9805,6106.0898,5567.96,1199.33,4321.3
12/6/2011,77.73,1258.47,8575.1602,6028.8198,5568.72,1193.68,4262
12/7/2011,77.68,1261.01,8722.1699,5994.73,5546.91,1197.31,4292.5
12/8/2011,77.64,1234.35,8664.5801,5874.4399,5483.77,1174.6,4280.7
12/9/2011,77.65,1255.19,8536.46,5986.71,5529.21,1187.29,4203
12/12/2011,77.94,1236.47,8653.8203,5785.4302,5427.86,1168.92,4252.845
12/13/2011,78,1225.73,8552.8096,5774.2598,5490.15,1159.39,4193.397
12/14/2011,78.07,1211.82,8519.1299,5675.1401,5366.8,1139.04,4190.497
12/15/2011,77.86,1215.75,8377.3701,5730.6201,5400.85,1142.85,4139.846
12/16/2011,77.76,1219.66,8401.7197,5701.7798,5387.34,1146.48,4159.221
12/19/2011,78.05,1205.35,8296.1201,5670.71,5364.99,1135.3,4060.374
12/20/2011,77.89,1241.3,8336.4805,5847.0298,5419.6,1163.9,4053.099
12/21/2011,78.06,1243.72,8459.9805,5791.5298,5389.74,1164.16,4139.517
12/22/2011,78.17,1254,8395.1602,5852.1802,5456.97,1173.46,4090.823
12/23/2011,78.09,1265.33,,5878.9302,5512.7,1182.24,4140.414
12/26/2011,77.98,,8479.3398,,,1182.85,
12/27/2011,77.88,1265.43,8440.5596,5889.7598,,1183.59,
12/28/2011,77.94,1249.64,8423.6201,5771.27,5507.4,1167.96,4088.76
12/29/2011,77.64,1263.02,8398.8896,5848.7798,5566.77,1177.56,4071.074
12/30/2011,76.91,1257.6,8455.3496,5898.3501,5572.28,1182.59,4056.561
1/2/2012,76.9,,,6075.52,,1186.07,
1/3/2012,76.74,1277.06,,6166.5698,5699.91,1206.09,4101.157
1/4/2012,76.72,1277.3,8560.1104,6111.5498,5668.45,1203.62,4187.841
1/5/2012,77.12,1281.06,8488.71,6095.9902,5624.26,1197.03,4142.684
1/6/2012,76.97,1277.81,8390.3496,6057.9199,5649.68,1191.67,4108.52
1/9/2012,76.86,1280.7,,6017.23,5612.26,1192.48,4105.448
1/10/2012,76.85,1292.08,8422.2598,6162.98,5696.7,1207.55,4152.238
1/11/2012,76.85,1292.48,8447.8799,6152.3398,5670.82,1204.3,4187.52
1/12/2012,76.76,1295.5,8385.5898,6179.21,5662.42,1207.37,4180.997
1/13/2012,76.97,1289.09,8500.0195,6143.0801,5636.64,1201.06,4195.89
1/16/2012,76.78,,8378.3604,6220.0098,5657.44,1202.48,4147.24
1/17/2012,76.83,1293.67,8466.4004,6332.9302,5693.95,1211.64,4215.63
1/18/2012,76.82,1308.04,8550.5801,6354.5698,5702.37,1222.17,4217.881
1/19/2012,77.11,1314.5,8639.6797,6416.2598,5741.15,1233,4214.775
1/20/2012,77.01,1315.38,8766.3604,6404.3901,5728.55,1235.64,4239.633
1/23/2012,77.02,1316,8765.9004,6436.6201,5782.56,1242.69,4225.101
1/24/2012,77.67,1314.65,8785.3301,6419.2202,5751.9,1237.12,4224.226
1/25/2012,77.78,1326.05,8883.6904,6421.8501,5723,1243.35,4271.336
1/26/2012,77.45,1318.43,8849.4697,6539.8501,5795.2,1250.63,
1/27/2012,76.7,1316.33,8841.2197,6511.98,5733.45,1246.04,4288.368
1/30/2012,76.35,1313.01,8793.0498,6444.4502,5671.09,1238.89,4272.739
1/31/2012,76.27,1312.41,8802.5098,6458.9102,5681.61,1240.89,4262.682
2/1/2012,76.2,1324.09,8809.79,6616.6401,5790.72,1257.58,4225.666
2/2/2012,76.22,1325.54,8876.8203,6655.6299,5796.07,1259.91,4267.846
2/3/2012,76.6,1344.9,8831.9297,6766.6699,5901.07,1273.74,4251.171
2/6/2012,76.55,1344.33,8929.2002,6764.8301,5892.2,1273.46,4295.984
2/7/2012,76.76,1347.05,8917.5195,6754.2002,5890.26,1278.27,4274.197
2/8/2012,77.04,1349.96,9015.5898,6748.7598,5875.93,1281.23,4290.711
2/9/2012,77.67,1351.95,9002.2402,6788.7998,5895.47,1284.24,4282.867
2/10/2012,77.61,1342.64,8947.1699,6692.96,5852.39,1269.66,4245.328
2/13/2012,77.57,1351.77,8999.1797,6738.4702,5905.7,1279.2,4285.135
2/14/2012,78.44,1350.5,9052.0703,6728.1899,5899.87,1273.91,4242.827
2/15/2012,78.43,1343.23,9260.3398,6757.9399,5892.16,1274.57,4253.396
2/16/2012,78.94,1358.04,9238.0996,6751.96,5885.38,1280.16,4181.859
2/17/2012,79.55,1361.23,9384.1699,6848.0298,5905.07,1288.05,4195.879
2/20/2012,79.63,,9485.0898,6948.25,5945.25,1296.42,4256.105
2/21/2012,79.74,1362.21,9463.0195,6908.1802,5928.2,1294.62,4291.205
2/22/2012,80.29,1357.66,9554,6843.8701,5916.55,1288.98,4293.113
2/23/2012,80,1363.46,9595.5703,6809.46,5937.89,1294.34,4286.185
2/24/2012,81.2,1365.74,9647.3799,6864.4302,5935.13,1300.57,4306.779
2/27/2012,80.61,1367.59,9633.9297,6849.6001,5915.55,1298.08,4267.366
2/28/2012,80.46,1372.18,9722.5195,6887.6299,5927.91,1303,4262.738
2/29/2012,81.15,1365.68,9723.2402,6856.0801,5871.51,1298.72,4298.549
3/1/2012,81.12,1374.09,9707.3701,6941.77,5931.25,1304.48,4255.547
3/2/2012,81.81,1369.63,9777.0303,6921.3701,5911.13,1298.5,4273.105
3/5/2012,81.56,1364.33,9698.5898,6866.46,5874.82,1292.05,4262.966
3/6/2012,80.89,1343.36,9637.6299,6633.1099,5765.8,1265.48,4204.731
3/7/2012,81.09,1352.63,9576.0596,6671.1099,5791.41,1270.77,4143.663
3/8/2012,81.56,1365.91,9768.96,6834.54,5859.73,1290.38,4171.043
3/9/2012,82.46,1370.87,9929.7402,6880.21,5887.49,1291.86,4211.988
3/12/2012,82.23,1371.09,9889.8604,6901.3501,5892.75,1289.61,4196.687
3/13/2012,82.94,1395.95,9899.0801,6995.9102,5955.91,1308.59,4247.616
3/14/2012,83.73,1394.28,10050.5195,7079.4199,5945.43,1305.71,4287.178
3/15/2012,83.57,1402.6,10123.2803,7144.4502,5940.72,1314.45,4277.766
3/16/2012,83.43,1404.17,10129.8301,7157.8198,5965.58,1320.96,4276.158
3/19/2012,83.35,1409.75,10141.9902,7154.2202,5961.11,1325.65,4290.799
3/20/2012,83.7,1405.52,,7054.9399,5891.41,1316.71,4275.023
3/21/2012,83.41,1402.89,10086.4902,7071.3198,5891.95,1312.39,4254.253
3/22/2012,82.54,1392.78,10127.0801,6981.2598,5845.65,1304.33,4273.679
3/23/2012,82.35,1397.11,10011.4697,6995.6201,5854.89,1308.25,4270.387
3/26/2012,82.82,1416.51,10018.2402,7079.23,5902.7,1323.38,4262.801
3/27/2012,83.17,1412.52,10255.1504,7078.8999,5869.55,1322.32,4301.333
3/28/2012,82.9,1405.54,10182.5703,6998.7998,5808.99,1312.45,4343.514
3/29/2012,82.46,1403.28,10114.79,6875.1499,5742.03,1305.42,4337.905
3/30/2012,82.87,1408.47,10083.5596,6946.8301,5768.45,1312.01,4335.242
4/2/2012,82.08,1419.04,10109.8701,7056.6499,5874.89,1324.26,4329.273
4/3/2012,82.81,1413.38,10050.3896,6982.2798,5838.34,1316.88,4337.037
4/4/2012,82.46,1398.96,9819.9902,6784.0601,5703.77,1291.81,4333.864
4/5/2012,82.37,1398.08,9767.6104,6775.2598,5723.67,1290.09,4319.847
4/6/2012,81.64,,9688.4502,,,1289.03,
4/9/2012,81.49,1382.2,9546.2598,,,1280.14,
4/10/2012,80.67,1358.59,9538.0195,6606.4302,5595.55,1259.34,4292.263
4/11/2012,80.86,1368.71,9458.7402,6674.73,5634.74,1266.6,4246.125
4/12/2012,80.89,1387.57,9524.79,6743.2402,5710.46,1284.25,4280.64
4/13/2012,80.93,1370.26,9637.9902,6583.8999,5651.79,1268.35,4323.309
4/16/2012,80.41,1369.57,9470.6396,6625.1899,5666.28,1266.94,4302.335
4/17/2012,80.85,1390.78,9464.71,6801,5766.95,1287.09,4288.786
4/18/2012,81.26,1385.14,9667.2598,6732.0298,5745.29,1283.87,4348.664
4/19/2012,81.61,1376.92,9588.3799,6671.2202,5744.55,1277.72,4362.73
4/20/2012,81.52,1378.53,9561.3604,6750.1201,5772.15,1281.71,4366.503
4/23/2012,81.18,1366.94,9542.1699,6523,5665.57,1264.21,4352.432
4/24/2012,81.32,1371.97,9468.04,6590.4102,5709.49,1271.8,4360.447
4/25/2012,81.34,1390.69,9561.0098,6704.5,5718.89,1285.52,
4/26/2012,80.99,1399.98,9561.8301,6739.8999,5748.72,1293.43,4375.201
4/27/2012,80.27,1403.36,9520.8896,6801.3198,5777.11,1298.71,4362.051
4/30/2012,79.82,1397.91,,6761.1899,5737.78,1293.99,4396.578
5/1/2012,80.09,1405.82,9350.9502,,5812.23,1296.98,4429.506
5/2/2012,80.14,1402.31,9380.25,6710.77,5758.11,1291.5,4435.907
5/3/2012,80.18,1391.57,,6694.4399,5766.55,1284.44,4428.957
5/4/2012,79.85,1369.1,,6561.4702,5655.06,1264.99,4396.037
5/7/2012,79.92,1369.58,9119.1396,6569.48,,1260.93,4301.293
5/8/2012,79.87,1363.72,9181.6504,6444.7402,5554.55,1250.58,4314.35
5/9/2012,79.64,1354.58,9045.0596,6475.3101,5530.05,1240.85,4275.081
5/10/2012,79.93,1357.99,9009.6504,6518,5543.95,1245.04,4295.551
5/11/2012,79.94,1353.39,8953.3096,6579.9302,5575.52,1242.4,4285.069
5/14/2012,79.85,1338.35,8973.8398,6451.9702,5465.52,1224.34,4296.993
5/15/2012,80.18,1330.66,8900.7402,6401.0601,5437.62,1213.99,4266.276
5/16/2012,80.33,1324.8,8801.1699,6384.2598,5405.25,1204.63,4165.528
5/17/2012,79.28,1304.86,8876.5898,6308.96,5338.38,1191.48,4157.413
5/18/2012,79.02,1295.22,8611.3096,6271.2202,5267.62,1178.43,4046.458
5/21/2012,79.31,1315.99,8633.8896,6331.04,5304.48,1191.45,4073.623
5/22/2012,79.96,1316.63,8729.29,6435.6001,5403.28,1199.88,4121.004
5/23/2012,79.47,1318.86,8556.5996,6285.75,5266.41,1187.36,4067.035
5/24/2012,79.6,1320.68,8563.3799,6315.8901,5350.05,1191.46,4055.848
5/25/2012,79.68,1317.82,8580.3896,6339.9399,5351.53,1188.56,4029.246
5/28/2012,79.47,,8593.1504,6323.1899,5356.34,1190.12,4068.025
5/29/2012,79.49,1332.42,8657.0801,6396.8398,5391.14,1201.51,4114.411
5/30/2012,79.07,1313.32,8633.1904,6280.7998,5297.28,1181.37,4094.229
5/31/2012,78.32,1310.33,8542.7305,6264.3799,5320.86,1177.64,4076.258
6/1/2012,78.02,1278.04,8440.25,6050.29,5260.19,1152.97,4063.882
6/4/2012,78.34,1278.18,8295.6299,5978.23,,1151.21,3985.025
6/5/2012,78.75,1285.5,8382,5969.3999,,1158.3,4043.692
6/6/2012,79.19,1315.13,8533.5303,6093.9902,5384.11,1183.6,4055.292
6/7/2012,79.63,1314.99,8639.7197,6144.2202,5447.79,1190.74,4108.57
6/8/2012,79.49,1325.66,8459.2598,6130.8198,5435.08,1188.86,4063.695
6/11/2012,79.44,1308.93,8624.9004,6141.0498,5432.37,1184.1,
6/12/2012,79.53,1324.18,8536.7197,6161.2402,5473.74,1191.92,4072.881
6/13/2012,79.48,1314.88,8587.8398,6152.4902,5483.81,1190.17,4063.787
6/14/2012,79.35,1329.1,8568.8896,6138.6099,5467.05,1196,4042.239
6/15/2012,78.73,1342.84,8569.3203,6229.4102,5478.81,1208.53,4057.333
6/18/2012,79.11,1344.78,8721.0195,6248.2002,5491.09,1211.71,4136.903
6/19/2012,78.95,1357.98,8655.8701,6363.3599,5586.31,1226.94,4123.331
6/20/2012,79.54,1355.69,8752.3096,6392.1299,5622.29,1229.5,4132.444
6/21/2012,80.28,1325.51,8824.0703,6343.1299,5566.36,1206.86,4087.568
6/22/2012,80.43,1335.02,8798.3496,6263.25,5513.69,1205.67,4048.211
6/25/2012,79.66,1313.72,8734.6201,6132.3901,5450.65,1188.27,4027.814
6/26/2012,79.52,1319.99,8663.9902,6136.6899,5446.96,1190.43,4013.301
6/27/2012,79.72,1331.85,8730.4902,6228.9902,5523.92,1201.71,4043.174
6/28/2012,79.46,1329.04,8874.1104,6149.9102,5493.06,1199.93,4044.837
6/29/2012,79.79,1362.16,9006.7803,6416.2798,5571.15,1235.72,4094.633
7/2/2012,79.51,1365.51,9003.4805,6496.0801,5640.64,1240.5,4133
7/3/2012,79.79,1374.02,9066.5898,6578.21,5687.73,1251.4,4127.216
7/4/2012,79.88,,9104.1699,6564.7998,5684.47,1250.17,4172.156
7/5/2012,79.92,1367.58,9079.7998,6535.5601,5692.63,1242.39,4169.192
7/6/2012,79.66,1354.68,9020.75,6410.1099,5662.63,1229.36,4157.807
7/9/2012,79.56,1352.46,8896.8799,6387.5698,5627.33,1224.14,4118.267
7/10/2012,79.43,1341.47,8857.7305,6438.3301,5664.07,1218.81,4098.02
7/11/2012,79.76,1341.45,8851,6453.8501,5664.48,1218.81,4096.54
7/12/2012,79.31,1334.76,8720.0098,6419.3501,5608.25,1207.47,4067.971
7/13/2012,79.18,1356.78,8724.1201,6557.1001,5666.13,1225.55,4082.246
7/16/2012,78.87,1353.64,,6565.7202,5662.43,1225.35,4105.103
7/17/2012,79.06,1363.67,8755,6577.6401,5629.09,1229.12,4140.799
7/18/2012,78.8,1372.78,8726.7402,6684.4199,5685.77,1239.07,4123.599
7/19/2012,78.59,1376.51,8795.5498,6758.3901,5714.19,1247.82,4206.693
7/20/2012,78.49,1362.66,8669.8701,6630.02,5651.77,1231.35,4199.124
7/23/2012,78.4,1350.52,8508.3203,6419.3301,5533.87,1212.05,4128.941
7/24/2012,78.18,1338.31,8488.0898,6390.4102,5499.23,1202.88,4133.232
7/25/2012,78.16,1337.89,8365.9004,6406.52,5498.32,1201.74,4123.947
7/26/2012,78.21,1360.02,8443.0996,6582.96,5573.16,1227.82,4147.733
7/27/2012,78.46,1385.97,8566.6396,6689.3999,5627.21,1250.02,4209.77
7/30/2012,78.18,1385.3,8635.4404,6774.0601,5693.63,1253.9,4245.709
7/31/2012,78.12,1379.32,8695.0596,6772.2598,5635.28,1250.57,4269.153
8/1/2012,78.44,1375.14,8641.8496,6754.46,5712.82,1248.1,4262.763
8/2/2012,78.24,1365,8653.1797,6606.0898,5662.3,1234.97,4269.539
8/3/2012,78.47,1390.99,8555.1104,6865.6602,5787.28,1259.65,4221.481
8/6/2012,78.25,1394.23,8726.29,6918.7202,5808.77,1267.85,4272.586
8/7/2012,78.61,1401.35,8803.3096,6967.9502,5841.24,1276.4,4291.564
8/8/2012,78.43,1402.22,8881.1602,6966.1499,5845.92,1276.09,4312.561
8/9/2012,78.57,1402.8,8978.5996,6964.9902,5851.51,1277.79,4308.275
8/10/2012,78.28,1405.87,8891.4404,6944.5601,5847.11,1278.36,4277.302
8/13/2012,78.32,1404.11,8885.1504,6909.6802,5831.88,1276.26,4283.293
8/14/2012,78.74,1403.93,8929.8799,6974.3901,5864.78,1277.51,4292.174
8/15/2012,78.99,1405.53,8925.04,6946.7998,5833.04,1276.82,4281.215
8/16/2012,79.35,1415.51,9092.7598,6996.29,5834.51,1287.62,4330.166
8/17/2012,79.56,1418.16,9162.5,7040.8799,5852.42,1290.23,4370.1
8/20/2012,79.43,1418.13,9171.1602,7033.6802,5824.37,1289.75,4364.288
8/21/2012,79.29,1413.17,9156.9199,7089.3198,5857.52,1293.43,4383.376
8/22/2012,78.58,1413.49,9131.7402,7017.75,5774.2,1287.84,4376.043
8/23/2012,78.49,1402.08,9178.1201,6949.5698,5776.6,1285.28,4383.702
8/24/2012,78.67,1411.13,9070.7598,6971.0698,5776.6,1285.84,4348.995
8/27/2012,78.74,1410.44,9085.3896,7047.4502,,1286.55,4343.699
8/28/2012,78.51,1409.3,9033.29,7002.6802,5775.71,1284.25,4359.378
8/29/2012,78.71,1410.49,9069.8096,7010.5698,5743.53,1283.23,4356.445
8/30/2012,78.63,1399.48,8983.7803,6895.4902,5719.45,1272.02,4315.674
8/31/2012,78.39,1406.58,8839.9102,6970.79,5711.48,1279.21,4316.114
9/3/2012,78.26,,8783.8896,7014.8301,5758.41,1280.76,4329.671
9/4/2012,78.43,1404.94,8775.5098,6932.5801,5672.01,1274.65,4303.512
9/5/2012,78.39,1403.44,8679.8203,6964.6899,5657.86,1273.21,4278.766
9/6/2012,78.86,1432.12,8680.5703,7167.3301,5777.34,1297.6,4312.888
9/7/2012,78.24,1437.92,8871.6504,7214.5,5794.8,1312.08,4325.839
9/10/2012,78.29,1429.08,8869.3701,7213.7002,5793.2,1306.31,4333.765
9/11/2012,77.77,1433.56,8807.3799,7310.1099,5792.19,1311.71,4325.794
9/12/2012,77.86,1436.56,8959.96,7343.5298,5782.08,1316.7,4361.252
9/13/2012,77.49,1459.99,8995.1504,7310.3198,5819.92,1329.48,4339.421
9/14/2012,78.39,1465.77,9159.3896,7412.1299,5915.55,1347.61,4389.956
9/17/2012,78.71,1461.19,,7403.6899,5893.52,1342.31,4402.529
9/18/2012,78.82,1459.32,9123.7695,7347.6899,5868.16,1337.16,4394.728
9/19/2012,78.38,1461.05,9232.21,7390.7598,5888.48,1341.5,4418.36
9/20/2012,78.24,1460.26,9086.9805,7389.4902,5854.64,1334.48,4397.228
9/21/2012,78.17,1460.15,9110,7451.6201,5852.62,1338.05,4408.291
9/24/2012,77.85,1456.89,9069.29,7413.1602,5838.84,1331.81,4385.473
9/25/2012,77.8,1441.59,9091.54,7425.1099,5859.71,1327.25,4372.863
9/26/2012,77.75,1433.32,8906.7002,7276.5098,5768.09,1309.4,4361.602
9/27/2012,77.61,1447.15,8949.8701,7290.02,5779.42,1320.17,4384.169
9/28/2012,77.96,1440.67,8870.1602,7216.1499,5742.07,1311.5,4387.018
10/1/2012,77.99,1444.49,8796.5098,7326.73,5820.45,1318.81,4388.624
10/2/2012,78.16,1445.75,8786.0498,7305.8599,5809.45,1319.52,4432.983
10/3/2012,78.49,1450.99,8746.8701,7322.0801,5825.81,1318.91,4438.561
10/4/2012,78.48,1461.4,8824.5898,7305.21,5827.78,1329,4452.355
10/5/2012,78.67,1460.93,8863.2998,7397.8701,5871.02,1334.63,4494.381
10/8/2012,78.33,1455.88,,7291.21,5841.74,1326.37,4481.857
10/9/2012,78.26,1441.48,8769.5898,7234.5298,5810.25,1313.46,4505.349
10/10/2012,78.18,1432.56,8596.2305,7205.23,5776.71,1305.14,4490.74
10/11/2012,78.34,1432.84,8546.7803,7281.7002,5829.75,1308.83,4483.527
10/12/2012,78.44,1428.59,8534.1201,7232.4902,5793.32,1306.02,4486.58
10/15/2012,78.65,1440.13,8577.9297,7261.25,5805.61,1312.78,4483.428
10/16/2012,78.89,1454.92,8701.3096,7376.27,5870.54,1329.43,4491.498
10/17/2012,78.93,1460.91,8806.5498,7394.5498,5910.91,1339.65,4528.208
10/18/2012,79.28,1457.34,8982.8604,7437.23,5917.05,1339.55,4559.435
10/19/2012,79.32,1433.19,9002.6797,7380.6401,5896.15,1322.28,4571.075
10/22/2012,79.94,1433.82,9010.71,7328.0498,5882.91,1320.86,4540.999
10/23/2012,79.85,1413.11,9014.25,7173.6899,5797.91,1299.99,4543.072
10/24/2012,79.81,1408.75,8954.2998,7192.8501,5804.78,1298.76,4505.818
10/25/2012,80.3,1412.97,9055.2002,7200.23,5805.05,1302.77,4510.501
10/26/2012,79.65,1411.94,8933.0596,7231.8501,5806.71,1300.23,4472.38
10/29/2012,79.8,,8929.3398,7203.1602,5795.1,1296.96,4476.859
10/30/2012,79.63,,8841.9805,7284.3999,5849.9,1302.18,4485.687
10/31/2012,79.77,1412.16,8928.29,7260.6299,5782.7,1301.52,4516.998
11/1/2012,80.12,1427.59,8946.8701,7335.6699,5861.92,1313.19,4457.65
11/2/2012,80.43,1414.2,9051.2197,7363.8501,5868.55,1305.77,4460.053
11/5/2012,80.29,1417.26,9007.4404,7326.4702,5839.06,1303.37,4474.12
11/6/2012,80.35,1428.39,8975.1504,7377.7598,5884.9,1311.42,4484.798
11/7/2012,80,1394.53,8972.8896,7232.8301,5791.63,1289.11,4516.462
11/8/2012,79.47,1377.51,8837.1504,7204.96,5776.05,1276.72,4483.822
11/9/2012,79.49,1379.85,8757.5996,7163.5,5769.68,1276.02,4462.024
11/12/2012,79.5,1380.03,8676.4404,7168.7598,5767.27,1274.32,4448.031
11/13/2012,79.38,1374.53,8661.0498,7169.1201,5786.25,1271.85,4379.804
11/14/2012,80.25,1355.49,8664.7305,7101.9199,5722.01,1257.12,4388.367
11/15/2012,81.17,1353.33,8829.7197,7043.4199,5677.75,1253.86,4349.25
11/16/2012,81.32,1359.88,9024.1602,6950.5298,5605.59,1253.31,4336.848
11/19/2012,81.41,1386.89,9153.2002,7123.8398,5737.66,1280.86,4361.448
11/20/2012,81.68,1387.81,9142.6396,7172.9902,5748.1,1281.29,4385.678
11/21/2012,82.52,1391.03,9222.5195,7184.71,5752.03,1284.32,4369.499
11/22/2012,82.48,,9366.7998,7244.9902,5791.03,1290.5,4413.072
11/23/2012,82.4,1409.15,,7309.1299,5819.14,1304.85,4413.013
11/26/2012,82.08,1406.29,9388.9404,7292.0298,5786.72,1302.63,4424.189
11/27/2012,82.15,1398.94,9423.2998,7332.3301,5799.71,1299.36,4456.827
11/28/2012,82.08,1409.93,9308.3496,7343.4102,5803.28,1303.85,4447.308
11/29/2012,82.12,1415.95,9400.8799,7400.96,5870.3,1314.67,4477.731
11/30/2012,82.48,1416.18,9446.0098,7405.5,5866.82,1315.49,4506.036
12/3/2012,82.25,1409.46,9458.1797,7435.21,5871.24,1314.3,4531.508
12/4/2012,81.9,1407.05,9432.46,7435.1201,5869.04,1314.02,4503.575
12/5/2012,82.47,1409.28,9468.8398,7454.5498,5892.08,1315.4,4520.399
12/6/2012,82.4,1413.94,9545.1602,7534.54,5901.42,1319.13,4509.345
12/7/2012,82.49,1418.07,9527.3896,7517.7998,5914.4,1320.74,4551.758
12/10/2012,82.36,1418.55,9533.75,7530.9199,5921.63,1321.96,4557.947
12/11/2012,82.52,1427.84,9525.3203,7589.75,5924.97,1329.94,4576.005
12/12/2012,83.26,1428.48,9581.46,7614.79,5945.85,1332.27,4583.81
12/13/2012,83.65,1419.45,9742.7305,7581.98,5929.61,1327.62,4582.793
12/14/2012,83.52,1413.58,9737.5596,7596.4702,5921.76,1325.49,4583.109
12/17/2012,83.89,1430.36,9828.8799,7604.9399,5912.15,1335.2,4573.395
12/18/2012,84.21,1446.79,9923.0098,7653.5801,5935.9,1347.92,4595.205
12/19/2012,84.41,1435.81,10160.4004,7668.5,5961.59,1348.9,4617.777
12/20/2012,84.39,1443.69,10039.3301,7672.1001,5958.34,1351.85,4634.107
12/21/2012,84.24,1430.15,9940.0596,7636.23,5939.99,1341.06,4623.578
12/24/2012,84.94,1426.66,,,5954.18,1338.34,4635.189
12/25/2012,84.77,,10080.1201,,,1339.04,
12/26/2012,85.63,1419.83,10230.3604,,,1335.98,
12/27/2012,86.1,1418.1,10322.9805,7655.8799,5954.3,1336.3,4647.963
12/28/2012,85.96,1402.43,10395.1797,7612.3901,5925.37,1326.84,4671.299
12/31/2012,86.75,1426.19,,,5897.81,1338.5,4648.95
1/1/2013,86.7,,,,,1338.55,
1/2/2013,87.34,1462.42,,7778.7798,6027.37,1367.38,4705.94
1/3/2013,87.24,1459.37,,7756.4399,6047.34,1364.39,4740.682
1/4/2013,88.15,1466.47,10688.1104,7776.3701,6089.84,1370.11,4723.78
1/7/2013,87.79,1461.89,10599.0098,7732.6602,6064.58,1366.91,4717.325
1/8/2013,87.05,1457.15,10508.0596,7695.8301,6053.63,1362.25,4690.25
1/9/2013,87.88,1461.02,10578.5703,7720.4702,6098.65,1367.15,4708.138
1/10/2013,88.78,1472.12,10652.6396,7708.4702,6101.51,1378.48,4722.957
1/11/2013,89.18,1472.05,10801.5703,7715.5298,6121.58,1381.94,4709.486
1/14/2013,89.48,1470.68,,7729.52,6107.86,1380.21,4719.707
1/15/2013,88.79,1472.34,10879.0801,7675.9102,6117.31,1382.74,4716.555
1/16/2013,88.38,1472.63,10600.4404,7691.1299,6103.98,1378.92,4738.444
1/17/2013,89.88,1480.94,10609.6396,7735.46,6132.36,1386.16,4756.626
1/18/2013,90.1,1485.98,10913.2998,7702.23,6154.41,1388.11,4771.226
1/21/2013,89.6,,10747.7402,7748.8599,6180.98,1389.58,4777.497
1/22/2013,88.71,1492.56,10709.9297,7696.21,6179.17,1393.62,4779.078
1/23/2013,88.61,1494.81,10486.9902,7707.54,6197.64,1393.04,4787.827
1/24/2013,90.33,1494.82,10620.8701,7748.1299,6264.91,1396.14,4810.224
1/25/2013,90.91,1502.96,10926.6504,7857.9702,6284.45,1405.47,4835.174
1/28/2013,90.86,1500.18,10824.3096,7833,6294.41,1403.04,
1/29/2013,90.73,1507.84,10866.7197,7848.5698,6339.19,1410.68,4888.976
1/30/2013,91.08,1501.96,11113.9502,7811.3101,6323.11,1409.47,4896.693
1/31/2013,91.71,1498.11,11138.6602,7776.0498,6276.88,1405.47,4878.781
2/1/2013,92.77,1513.17,11191.3398,7833.3901,6347.24,1416.79,4921.096
2/4/2013,92.38,1495.71,11260.3496,7638.23,6246.84,1399.68,4907.515
2/5/2013,93.63,1511.29,11046.9199,7664.6602,6282.76,1405.15,4882.72
2/6/2013,93.64,1512.12,11463.75,7581.1802,6295.34,1408.35,4920.954
2/7/2013,93.63,1509.39,11357.0703,7590.8501,6228.42,1401.92,4935.702
2/8/2013,92.68,1517.93,11153.1602,7652.1401,6263.93,1410.44,4971.296
2/11/2013,94.32,1517.01,,7633.7402,6277.06,1405.7,4959.504
2/12/2013,93.48,1519.43,11369.1201,7660.1899,6338.38,1413.83,4958.985
2/13/2013,93.39,1520.33,11251.4102,7711.8901,6359.11,1413.81,5003.657
2/14/2013,92.88,1521.38,11307.2803,7631.1899,6327.36,1411.59,5036.882
2/15/2013,93.5,1519.79,11173.8301,7593.5098,6328.26,1406.92,5033.918
2/18/2013,93.96,,11407.8701,7628.73,6318.19,1408.46,5063.416
2/19/2013,93.57,1530.94,11372.3398,7752.4502,6379.07,1419.81,5081.897
2/20/2013,93.57,1511.95,11468.2803,7728.8999,6395.37,1410.01,5098.714
2/21/2013,93.11,1502.42,11309.1299,7583.5698,6291.54,1392.11,4980.091
2/22/2013,93.42,1515.6,11385.9404,7661.9102,6335.7,1402.05,5018.145
2/25/2013,91.82,1487.85,11662.5195,7773.1899,6355.37,1391.22,5055.767
2/26/2013,91.98,1496.94,11398.8096,7597.1099,6270.44,1386.06,5003.566
2/27/2013,92.24,1515.99,11253.9697,7675.8301,6325.88,1399.43,5036.592
2/28/2013,92.56,1514.68,11559.3604,7741.7002,6360.81,1405.18,5104.08
3/1/2013,93.59,1518.2,11606.3799,7708.1602,6378.6,1401.75,5086.134
3/4/2013,93.48,1525.2,11652.29,7691.6802,6345.63,1404.94,5010.524
3/5/2013,93.29,1539.79,11683.4502,7870.3101,6431.95,1420.25,5075.363
3/6/2013,94.07,1541.46,11932.2695,7919.3301,6427.64,1422.26,5116.79
3/7/2013,94.82,1544.26,11968.0801,7939.77,6439.16,1424.88,5109.2
3/8/2013,96,1551.18,12283.6201,7986.4702,6483.58,1428.72,5123.441
3/11/2013,96.28,1556.22,12349.0498,7984.29,6503.63,1434.83,5146.905
3/12/2013,96.08,1552.48,12314.8096,7966.1201,6510.62,1433.28,5117.868
3/13/2013,96.13,1554.52,12239.6602,7970.9102,6481.5,1429.84,5092.397
3/14/2013,96.11,1563.23,12381.1904,8058.3701,6529.41,1440.21,5032.222
3/15/2013,95.28,1560.7,12560.9502,8042.8501,6489.65,1444.48,5120.242
3/18/2013,95.21,1552.1,12220.6299,8010.7002,6457.92,1430.97,5015.402
3/19/2013,95.16,1548.34,12468.2305,7947.79,6441.32,1426.75,4987.4
3/20/2013,96.01,1558.71,,8001.9702,6432.7,1434.35,4967.35
3/21/2013,94.9,1545.8,12635.6904,7932.5098,6388.55,1426.66,4959.406
3/22/2013,94.46,1556.89,12338.5303,7911.3501,6392.76,1432.33,4967.262
3/25/2013,94.17,1551.69,12546.46,7870.8999,6378.38,1426.71,4990.197
3/26/2013,94.44,1563.77,12471.6201,7879.6699,6399.37,1432.64,4950.246
3/27/2013,94.46,1562.85,12493.79,7789.0898,6387.56,1428.95,4994.993
3/28/2013,94.15,1569.19,12335.96,7795.3101,6411.74,1434.62,4966.499
3/29/2013,94.22,,12397.9102,,,1434.51,
4/1/2013,93.23,1562.17,12135.0195,,,1428.04,
4/2/2013,93.44,1570.25,12003.4297,7943.8701,6490.66,1435.41,4985.51
4/3/2013,93.04,1553.69,12362.2002,7874.75,6420.28,1425.59,4957.68
4/4/2013,96.34,1559.98,12634.54,7817.3901,6344.12,1422.22,4913.481
4/5/2013,97.57,1553.28,12833.6396,7658.75,6249.78,1419.11,4891.425
4/8/2013,99.36,1563.07,13192.5898,7662.6401,6276.94,1426.45,4905.486
4/9/2013,99.02,1568.61,13192.3496,7637.5098,6313.21,1433.01,4976.839
4/10/2013,99.78,1587.73,13288.1299,7810.6299,6387.37,1452.41,4967.995
4/11/2013,99.68,1593.37,13549.1602,7871.6299,6416.14,1462.82,5007.069
4/12/2013,98.37,1588.85,13485.1396,7744.77,6384.39,1456.54,5013.535
4/15/2013,96.77,1552.36,13275.6602,7712.6299,6343.6,1431.09,4967.908
4/16/2013,97.54,1574.57,13221.4404,7682.5801,6304.58,1438.81,4950.846
4/17/2013,98.12,1552.01,13382.8896,7503.0298,6244.21,1420.7,5004.555
4/18/2013,98.17,1541.61,13220.0703,7473.73,6243.67,1413.72,4924.416
4/19/2013,99.52,1555.25,13316.4805,7459.96,6286.59,1422.25,4931.911
4/22/2013,99.23,1562.5,13568.3701,7478.1099,6280.62,1427.08,4966.551
4/23/2013,99.48,1578.78,13529.6504,7658.21,6406.12,1443.86,5016.233
4/24/2013,99.51,1578.79,13843.46,7759.0298,6431.76,1450.79,5102.43
4/25/2013,99.26,1585.16,13926.0801,7832.8599,6442.59,1459.26,
4/26/2013,98.05,1582.24,13884.1299,7814.7598,6426.42,1457.8,5097.508
4/29/2013,97.76,1593.61,,7873.5,6458.02,1468.44,5125.806
4/30/2013,97.45,1597.57,13860.8604,7913.71,6430.12,1476.14,5191.219
5/1/2013,97.39,1582.7,13799.3496,,6451.29,1466.53,5166.182
5/2/2013,97.94,1597.59,13694.04,7961.71,6460.71,1469.72,5129.965
5/3/2013,98.99,1614.42,,8122.29,6521.46,1482.46,5129.499
5/6/2013,99.33,1617.5,,8112.0801,,1481.85,5156.202
5/7/2013,99,1625.96,14180.2402,8181.7798,6557.3,1492.06,5143.735
5/8/2013,99.01,1632.69,14285.6904,8249.71,6583.48,1503.66,5199.75
5/9/2013,100.59,1626.67,14191.4805,8262.5498,6592.74,1495.74,5198.381
5/10/2013,101.62,1633.7,14607.54,8278.5898,6624.98,1495.84,5206.091
5/13/2013,101.82,1633.77,14782.21,8279.29,6631.76,1497.4,5210.336
5/14/2013,102.42,1650.34,14758.4199,8339.1104,6686.06,1505.97,5220.987
5/15/2013,102.25,1658.78,15096.0303,8362.4199,6693.55,1510.87,5191.658
5/16/2013,102.26,1650.47,15037.2402,8369.8701,6687.8,1508.02,5165.66
5/17/2013,103.21,1667.47,15138.1201,8398,6723.06,1512.98,5180.774
5/20/2013,102.27,1666.29,15360.8096,8455.8301,6755.63,1518.41,5209.035
5/21/2013,102.5,1669.16,15381.0195,8472.2002,6803.87,1520.64,5180.057
5/22/2013,103.16,1655.35,15627.2598,8530.8896,6840.27,1512.9,5165.365
5/23/2013,102.02,1650.51,14483.9805,8351.9805,6696.79,1493.44,5062.446
5/24/2013,101.31,1649.6,14612.4502,8305.3203,6654.34,1492.74,4983.499
5/27/2013,100.96,,14142.6504,8383.2998,,1489.58,4959.857
5/28/2013,102.37,1660.06,14311.9805,8480.8701,6762.01,1497.13,4970.652
5/29/2013,101.16,1648.36,14326.46,8336.5801,6627.17,1489.44,4974.728
5/30/2013,100.73,1654.41,13589.0303,8400.2002,6656.99,1491.79,4930.682
5/31/2013,100.45,1630.74,13774.54,8348.8398,6583.09,1471.93,4926.569
6/3/2013,99.53,1640.42,13261.8203,8285.7998,6525.12,1472.74,4888.308
6/4/2013,100.03,1631.38,13533.7598,8295.96,6558.58,1473.48,4900.808
6/5/2013,99.06,1608.9,13014.8701,8196.1797,6419.31,1450.95,4835.206
6/6/2013,96.97,1622.56,12904.0195,8098.8101,6336.11,1454.91,4781.172
6/7/2013,97.56,1643.38,12877.5303,8254.6797,6411.99,1470.22,4737.703
6/10/2013,98.76,1642.81,13514.2002,8307.6904,6400.45,1473.13,
6/11/2013,96.03,1626.13,13317.6201,8222.46,6340.08,1463.42,4757.06
6/12/2013,96.02,1612.52,13289.3203,8143.27,6299.45,1457.57,4724.453
6/13/2013,95.37,1636.36,12445.3799,8095.3901,6304.63,1464.26,4695.76
6/14/2013,94.31,1626.73,12686.5195,8127.96,6308.26,1463.83,4791.757
6/17/2013,94.51,1639.04,13033.1201,8215.7305,6330.49,1476.97,4825.882
6/18/2013,95.33,1651.81,13007.2803,8229.5098,6374.21,1483.04,4814.35
6/19/2013,96.45,1628.93,13245.2197,8197.0801,6348.82,1474.88,4861.381
6/20/2013,97.28,1588.19,13014.5801,7928.48,6159.51,1423.87,4758.388
6/21/2013,97.9,1592.43,13230.1299,7789.2402,6116.17,1421.19,4738.8
6/24/2013,97.73,1573.09,13062.7803,7692.4502,6029.1,1400.98,4669.144
6/25/2013,97.81,1588.03,12969.3398,7811.2998,6101.91,1412.53,4655.96
6/26/2013,97.72,1603.26,12834.0098,7940.9902,6165.48,1425.51,4731.715
6/27/2013,98.35,1613.2,13213.5498,7990.75,6243.4,1436.03,4811.281
6/28/2013,99.14,1606.28,13677.3203,7959.2202,6215.47,1433.55,4802.591
7/1/2013,99.66,1614.96,13852.5,7983.9199,6307.78,1444.33,4710.289
7/2/2013,100.63,1614.08,14098.7402,7910.77,6303.94,1444.86,4834.003
7/3/2013,99.91,1615.41,14055.5596,7829.3198,6229.87,1440.59,4744.125
7/4/2013,100.04,,14018.9297,7994.3101,6421.67,1448.22,4794.741
7/5/2013,101.2,1631.89,14309.9697,7806,6375.52,1449.05,4841.748
7/8/2013,100.97,1640.46,14109.3398,7968.54,6450.07,1457.52,4809.53
7/9/2013,101.15,1652.32,14472.9004,8057.75,6513.08,1468.47,4881.654
7/10/2013,99.68,1652.62,14416.5996,8066.48,6504.96,1473.31,4901.356
7/11/2013,98.96,1675.02,14472.5801,8158.7998,6543.41,1496.67,4965.7
7/12/2013,99.22,1680.19,14506.25,8212.7695,6544.94,1498.31,4973.885
7/15/2013,99.86,1682.5,,8234.8096,6586.11,1500.94,4981.106
7/16/2013,99.1,1676.26,14599.1201,8201.0498,6556.35,1500.53,4986.017
7/17/2013,99.59,1680.91,14615.04,8254.7197,6571.93,1503.38,4981.684
7/18/2013,100.43,1689.37,14808.5,8337.0898,6634.36,1511.13,4993.423
7/19/2013,100.65,1692.09,14589.9102,8331.5703,6630.67,1513.52,4972.093
7/22/2013,99.67,1695.53,14658.04,8331.0596,6623.17,1520.62,5001.864
7/23/2013,99.43,1692.39,14778.5098,8314.2305,6597.44,1519.77,5017.11
7/24/2013,100.27,1685.94,14731.2803,8379.1104,6620.43,1518.38,5035.072
7/25/2013,99.29,1690.25,14562.9297,8298.9805,6587.95,1517.72,5035.612
7/26/2013,98.21,1691.65,14129.9805,8244.9102,6554.79,1516.21,5042.026
7/29/2013,97.96,1685.33,13661.1299,8259.0303,6560.25,1508.86,5046.327
7/30/2013,98.03,1685.96,13869.8203,8271.0195,6570.95,1510.32,5047.242
7/31/2013,97.88,1685.73,13668.3203,8275.9697,6621.06,1507.91,5051.978
8/1/2013,99.54,1706.87,14005.7695,8410.7305,6681.98,1524.91,5061.49
8/2/2013,98.94,1709.67,14466.1602,8406.9404,6647.87,1533.85,5116.762
8/5/2013,98.3,1707.14,14258.04,8398.3799,6619.58,1530.46,5111.251
8/6/2013,97.74,1697.37,14401.0596,8299.7305,6604.21,1528.06,5105.629
8/7/2013,96.33,1690.91,13824.9404,8260.4805,6511.21,1519.33,5011.299
8/8/2013,96.67,1697.48,13605.5596,8318.3203,6529.68,1527.82,5064.799
8/9/2013,96.21,1691.42,13615.1904,8338.3096,6583.39,1526.9,5055.211
8/12/2013,96.9,1689.47,13519.4297,8359.25,6574.34,1524.06,5108.653
8/13/2013,98.2,1694.16,13867,8415.7598,6611.94,1527.19,5157.701
8/14/2013,98.14,1685.39,14050.1602,8438.1201,6587.43,1527.04,5157.419
8/15/2013,97.37,1661.32,13752.9404,8376.29,6483.34,1508.14,5152.367
8/16/2013,97.53,1655.83,13650.1104,8391.9404,6499.99,1508.8,5113.86
8/19/2013,97.55,1646.06,13758.1299,8366.29,6465.73,1501.39,5112.531
8/20/2013,97.27,1652.35,13396.3799,8300.0303,6453.46,1500.59,5078.179
8/21/2013,97.68,1642.8,13424.3301,8285.4102,6390.84,1489.65,5099.991
8/22/2013,98.72,1656.96,13365.1699,8397.8896,6446.87,1497.8,5075.749
8/23/2013,98.72,1663.5,13660.5498,8416.9902,6492.1,1508.49,5123.361
8/26/2013,98.51,1656.78,13636.2803,8435.1504,,1504.41,5135.403
8/27/2013,97.03,1630.48,13542.3701,8242.5596,6440.97,1484.4,5141.216
8/28/2013,97.64,1634.96,13338.46,8157.8999,6430.06,1480.03,5087.163
8/29/2013,98.35,1638.17,13459.71,8194.5498,6483.05,1481.11,5092.411
8/30/2013,98.17,1632.97,13388.8604,8103.1499,6412.93,1472.74,5134.957
9/2/2013,99.33,,13572.9199,8243.8701,6506.19,1481.18,5188.276
9/3/2013,99.57,1639.77,13978.4404,8180.71,6468.41,1486.06,5196.568
9/4/2013,99.74,1653.08,14053.8701,8195.9199,6474.74,1496.29,5161.637
9/5/2013,100.11,1655.08,14064.8203,8234.9805,6532.44,1497.58,5142.513
9/6/2013,99.11,1655.17,13860.8096,8275.6699,6547.33,1502.4,5144.991
9/9/2013,99.58,1671.71,14205.2305,8276.3203,6530.74,1515.91,5181.469
9/10/2013,100.39,1683.99,14423.3604,8446.54,6583.99,1529.14,5201.167
9/11/2013,99.89,1689.13,14425.0703,8495.7305,6588.43,1535.73,5234.387
9/12/2013,99.54,1683.42,14387.2695,8494,6588.98,1532.93,5242.536
9/13/2013,99.38,1687.99,14404.6699,8509.4199,6583.8,1533.72,5219.626
9/16/2013,99.08,1697.6,,8613,6622.86,1546.52,5247.988
9/17/2013,99.13,1704.76,14311.6699,8596.9502,6570.17,1547.24,5251.242
9/18/2013,97.94,1725.52,14505.3604,8636.0596,6558.82,1561.53,5238.14
9/19/2013,99.45,1722.34,14766.1797,8694.1797,6625.39,1573.13,5295.55
9/20/2013,99.36,1709.91,14742.4199,8675.7305,6596.43,1563.26,5276.69
9/23/2013,98.85,1701.84,,8635.29,6557.37,1557.87,5252.46
9/24/2013,98.75,1697.42,14732.6104,8664.5996,6571.46,1555.57,5234.162
9/25/2013,98.43,1692.77,14620.5303,8665.6299,6551.53,1553.75,5275.939
9/26/2013,98.99,1698.67,14799.1201,8664.0996,6565.59,1556.74,5294.455
9/27/2013,98.24,1691.75,14760.0703,8661.5098,6512.66,1554.99,5307.061
9/30/2013,98.27,1681.55,14455.7998,8594.4004,6462.22,1543.67,5218.877
10/1/2013,98,1695,14484.7197,8689.1396,6460.01,1553.51,5206.798
10/2/2013,97.36,1693.87,14170.4902,8629.4199,6437.5,1551.02,5215.556
10/3/2013,97.27,1678.66,14157.25,8597.9102,6449.04,1542.79,5234.887
10/4/2013,97.48,1690.5,14024.3096,8622.9697,6453.88,1547.5,5208.017
10/7/2013,96.71,1676.12,13853.3203,8591.5801,6437.28,1536.4,5161.112
10/8/2013,96.88,1655.45,13894.6104,8555.8896,6365.83,1523.13,5149.445
10/9/2013,97.34,1656.4,14037.8398,8516.6904,6337.91,1519.78,5152.989
10/10/2013,98.16,1692.56,14194.71,8685.7695,6430.49,1545.94,5147.142
10/11/2013,98.58,1703.2,14404.7402,8724.8301,6487.19,1557.35,5230.872
10/14/2013,98.57,1710.14,,8723.8096,6507.65,1562.77,5207.863
10/15/2013,98.16,1698.06,14441.54,8804.4404,6549.11,1558.19,5259.147
10/16/2013,98.77,1721.54,14467.1396,8846,6571.59,1570.34,5262.908
10/17/2013,97.91,1733.15,14586.5098,8811.9805,6576.16,1586.64,5283.102
10/18/2013,97.72,1744.5,14561.54,8865.0996,6622.58,1598.14,5321.466
10/21/2013,98.19,1744.66,14693.5703,8867.2197,6654.2,1599.73,5351.771
10/22/2013,98.14,1754.67,14713.25,8947.46,6695.66,1610.79,5373.145
10/23/2013,97.38,1746.38,14426.0498,8919.8604,6674.48,1601.64,5356.096
10/24/2013,97.28,1752.07,14486.4102,8980.6299,6713.18,1607.92,5372.886
10/25/2013,97.42,1759.77,14088.1904,8985.7402,6721.34,1607.96,5386.346
10/28/2013,97.68,1762.11,14396.04,8978.6504,6725.82,1610.22,5441.411
10/29/2013,98.19,1771.95,14325.9805,9022.04,6774.73,1614.33,5415.527
10/30/2013,98.51,1763.31,14502.3496,9010.2695,6777.7,1611.86,5430.854
10/31/2013,98.36,1756.54,14327.9404,9033.9199,6731.43,1602.86,5425.497
11/1/2013,98.67,1761.64,14201.5703,9007.8301,6734.74,1597.86,5411.123
11/4/2013,98.6,1767.93,,9037.2305,6763.62,1603.81,5390.532
11/5/2013,98.5,1762.97,14225.3701,9009.1104,6746.84,1599.43,5431.962
11/6/2013,98.66,1770.49,14337.3096,9040.8701,6741.69,1607.72,5433.805
11/7/2013,98.09,1747.15,14228.4404,9081.0303,6697.22,1588.47,5422.036
11/8/2013,99.05,1770.61,14086.7998,9078.2803,6708.42,1596.28,5400.665
11/11/2013,99.16,1771.89,14269.8398,9107.8604,6728.37,1600.84,5387.142
11/12/2013,99.64,1767.69,14588.6797,9076.4805,6726.79,1598.55,5393.094
11/13/2013,99.25,1782,14567.1602,9054.8301,6630,1601.56,5319.177
11/14/2013,100.01,1790.62,14876.4102,9149.6602,6666.13,1612.86,5355.429
11/15/2013,100.19,1798.18,15165.9199,9168.6904,6693.44,1621.5,5401.671
11/18/2013,99.99,1791.53,15164.2998,9225.4297,6723.46,1622.82,5384.657
11/19/2013,100.14,1787.87,15126.5596,9193.29,6698.01,1616.44,5352.902
11/20/2013,100.03,1781.37,15076.0801,9202.0703,6681.08,1611.34,5307.665
11/21/2013,101.16,1795.85,15365.5996,9196.0801,6681.33,1616.34,5288.318
11/22/2013,101.27,1804.76,15381.7197,9219.04,6674.3,1623.15,5335.912
11/25/2013,101.67,1802.48,15619.1299,9299.9502,6694.62,1623.7,5352.834
11/26/2013,101.28,1802.75,15515.2402,9290.0703,6636.22,1621.91,5357.01
11/27/2013,102.16,1807.23,15449.6299,9351.1299,6649.47,1624.82,5332.873
11/28/2013,102.33,,15727.1201,9387.3701,6654.47,1628.88,5334.337
11/29/2013,102.44,1805.81,15661.8701,9405.2998,6650.57,1628.42,5320.05
12/2/2013,102.94,1800.9,15655.0703,9401.96,6595.33,1621.34,5279.517
12/3/2013,102.51,1795.15,15749.6602,9223.4004,6532.43,1613.31,5256.072
12/4/2013,102.36,1792.81,15407.9404,9140.6299,6509.97,1604.74,5273.751
12/5/2013,101.79,1785.03,15177.4902,9084.9502,6498.33,1598.88,5197.958
12/6/2013,102.91,1805.09,15299.8604,9172.4102,6551.99,1612.61,5186.019
12/9/2013,103.27,1808.37,15650.21,9195.1699,6559.48,1617.6,5144.423
12/10/2013,102.85,1802.62,15611.3096,9114.4404,6523.31,1614.23,5143.554
12/11/2013,102.42,1782.22,15515.0596,9077.1104,6507.72,1600.12,5104.25
12/12/2013,103.38,1775.5,15341.8203,9017,6445.25,1588.71,5062.516
12/13/2013,103.21,1775.32,15403.1104,9006.46,6439.96,1587.69,5098.427
12/16/2013,103.02,1786.54,15152.9102,9163.5596,6522.2,1598.21,5089.634
12/17/2013,102.67,1781,15278.6299,9085.1201,6486.19,1592.79,5103.192
12/18/2013,104.29,1810.65,15587.7998,9181.75,6492.08,1613.75,5096.102
12/19/2013,104.25,1809.6,15859.2197,9335.7402,6584.7,1618.38,5202.232
12/20/2013,104.1,1818.32,15870.4199,9400.1797,6606.58,1626.66,5265.217
12/23/2013,104.11,1827.99,,9488.8203,6678.61,1637.28,5291.949
12/24/2013,104.25,1833.32,15889.3301,,6694.17,1639.65,5327.25
12/25/2013,104.38,,16009.9902,,,1639.73,
12/26/2013,104.81,1842.02,16174.4404,,,1646.28,
12/27/2013,105.17,1841.4,16178.9404,9589.3896,6750.87,1654.16,5324.06
12/30/2013,105.15,1841.07,16291.3096,9552.1602,6731.27,1656.15,5356.799
12/31/2013,105.31,1848.36,,,6749.09,1661.07,5352.21
1/1/2014,105.25,,,,,1661.09,
1/2/2014,104.81,1831.98,,9400.04,6717.91,1645.22,5367.911
1/3/2014,104.86,1831.37,,9435.1504,6730.67,1646.05,5350.098
1/6/2014,104.22,1826.77,15908.8799,9428,6730.73,1641.16,5324.876
1/7/2014,104.6,1837.88,15814.3701,9506.2002,6755.45,1647.65,5316.987
1/8/2014,104.86,1837.49,16121.4502,9497.8398,6721.78,1650.17,5316.048
1/9/2014,104.82,1838.13,15880.3301,9421.6104,6691.34,1646.37,5324.41
1/10/2014,104.18,1842.37,15912.0596,9473.2402,6739.94,1655.11,5312.384
1/13/2014,103,1819.2,,9510.1699,6757.15,1645.41,5292.075
1/14/2014,104.22,1838.88,15422.4004,9540.5098,6766.86,1651.73,5212.049
1/15/2014,104.56,1848.38,15808.7305,9733.8096,6819.86,1660,5245.429
1/16/2014,104.35,1845.89,15747.2002,9717.71,6815.42,1659.34,5309.072
1/17/2014,104.32,1838.7,15734.46,9742.96,6829.3,1657.32,5305.869
1/20/2014,104.18,,15641.6797,9715.9004,6836.73,1657.11,5295.046
1/21/2014,104.3,1843.8,15795.96,9730.1201,6834.26,1659.49,5331.463
1/22/2014,104.52,1844.86,15820.96,9720.1104,6826.33,1661.74,5319.766
1/23/2014,103.26,1828.46,15695.8896,9631.04,6773.28,1650.45,5262.988
1/24/2014,102.31,1790.29,15391.5596,9392.0195,6663.74,1618.36,5240.932
1/27/2014,102.55,1781.56,15005.7305,9349.2197,6550.66,1604.92,
1/28/2014,102.94,1792.5,14980.1602,9406.9102,6572.33,1611.35,5175.109
1/29/2014,102.29,1774.2,15383.9102,9336.7305,6544.28,1603.67,5229.007
1/30/2014,102.72,1794.19,15007.0596,9373.4805,6538.45,1607.46,5188.062
1/31/2014,102.04,1782.59,14914.5303,9306.4805,6510.44,1598.46,5190.003
2/3/2014,100.98,1741.89,14619.1299,9186.5195,6465.66,1571.92,5187.911
2/4/2014,101.64,1755.2,14008.4697,9127.9102,6449.27,1569.93,5097.065
2/5/2014,101.45,1751.64,14180.3799,9116.3203,6457.89,1572.37,5070.311
2/6/2014,102.11,1773.43,14155.1201,9256.5801,6558.28,1592.69,5131.403
2/7/2014,102.3,1797.02,14462.4102,9301.9199,6571.68,1611.78,5166.529
2/10/2014,102.26,1799.84,14718.3398,9289.8604,6591.55,1616.78,5222.147
2/11/2014,102.63,1819.75,,9478.7695,6672.66,1634.47,5254.496
2/12/2014,102.53,1819.26,14800.0596,9540,6675.03,1637.71,5310.052
2/13/2014,102.17,1829.83,14534.7402,9596.7695,6659.42,1643.19,5308.103
2/14/2014,101.8,1838.63,14313.0303,9662.4004,6663.62,1650.12,5356.257
2/17/2014,101.92,,14393.1104,9656.7598,6736,1653.55,5382.894
2/18/2014,102.36,1840.76,14843.2402,9659.7803,6796.43,1660.54,5392.822
2/19/2014,102.31,1828.75,14766.5303,9660.0498,6796.71,1655.04,5408.243
2/20/2014,102.28,1839.78,14449.1797,9618.8496,6812.99,1656.01,5412.34
2/21/2014,102.51,1836.25,14865.6699,9656.9502,6838.06,1659.85,5438.696
2/24/2014,102.51,1847.61,14837.6797,9708.9404,6865.86,1668.31,5440.219
2/25/2014,102.24,1845.12,15051.5996,9699.3496,6830.5,1669.41,5433.842
2/26/2014,102.38,1845.16,14970.9697,9661.7305,6799.15,1664.85,5436.994
2/27/2014,102.13,1854.29,14923.1104,9588.3301,6810.27,1668.4,5411.447
2/28/2014,101.8,1859.45,14841.0703,9692.0801,6809.7,1675.4,5404.822
3/3/2014,101.45,1845.73,14652.2305,9358.8896,6708.35,1655.42,5384.329
3/4/2014,102.21,1873.91,14721.4805,9589.1504,6823.77,1677.85,5400.234
3/5/2014,102.3,1873.81,14897.6299,9542.0195,6775.42,1679.06,5446.23
3/6/2014,103.07,1877.03,15134.75,9542.8701,6788.49,1686.11,5445.892
3/7/2014,103.28,1878.04,15274.0703,9350.75,6712.67,1681.17,5462.309
3/10/2014,103.27,1877.17,15120.1396,9265.5,6689.45,1676.53,5411.52
3/11/2014,103.02,1867.63,15224.1104,9307.79,6685.52,1672.19,5413.839
3/12/2014,102.76,1868.2,14830.3896,9188.6904,6620.9,1665.55,5384.197
3/13/2014,101.84,1846.34,14815.9805,9017.79,6553.78,1651.68,5412.614
3/14/2014,101.36,1841.13,14327.6602,9056.4102,6527.89,1641.13,5329.396
3/17/2014,101.77,1858.83,14277.6699,9180.8896,6568.35,1653.94,5317.565
3/18/2014,101.44,1872.25,14411.2695,9242.5498,6605.28,1665.49,5344.562
3/19/2014,102.32,1860.77,14462.5195,9277.0498,6573.13,1658.05,5355.595
3/20/2014,102.39,1872.01,14224.2305,9296.1201,6542.44,1654.32,5294.001
3/21/2014,102.25,1866.52,,9342.9404,6557.17,1653.38,5338.083
3/24/2014,102.24,1857.44,14475.2998,9188.7695,6520.39,1645.97,5346.891
3/25/2014,102.26,1865.62,14423.1904,9338.4004,6604.89,1655.69,5336.625
3/26/2014,102.04,1852.56,14477.1602,9448.5801,6605.3,1654.34,5376.753
3/27/2014,102.18,1849.04,14622.8896,9451.21,6588.32,1653.12,5350.09
3/28/2014,102.83,1857.62,14696.0303,9587.1904,6615.58,1661.84,5366.938
3/31/2014,103.23,1872.34,14827.8301,9555.9102,6598.37,1673.87,5394.831
4/1/2014,103.65,1885.52,14791.9902,9603.71,6652.61,1683.7,5389.172
4/2/2014,103.88,1890.9,14946.3203,9623.3604,6659.04,1687.46,5403.302
4/3/2014,103.93,1888.77,15071.8799,9628.8203,6649.14,1685.14,5409.888
4/4/2014,103.29,1865.09,15063.7695,9695.7695,6695.55,1676.25,5422.83
4/7/2014,103.1,1845.04,14808.8496,9510.8496,6622.84,1659.29,5413.725
4/8/2014,101.81,1851.96,14606.8799,9490.79,6590.69,1663.77,5410.63
4/9/2014,102,1872.18,14299.6904,9506.3496,6635.61,1675.32,5463.777
4/10/2014,101.53,1833.08,14300.1201,9454.54,6641.97,1656.09,5480.751
4/11/2014,101.62,1815.69,13960.0498,9315.29,6561.7,1638.43,5428.649
4/14/2014,101.85,1830.61,13910.1602,9339.1699,6583.76,1644.36,5358.948
4/15/2014,101.92,1842.98,13996.8096,9173.71,6541.61,1646.67,5388.158
4/16/2014,102.23,1862.31,14417.6797,9317.8203,6584.17,1664.85,5420.316
4/17/2014,102.39,1864.85,14417.5303,9409.71,6625.25,1669.81,5454.23
4/18/2014,102.43,,14516.2695,,,1670.6,
4/21/2014,102.62,1871.89,14512.3799,,,1672.4,
4/22/2014,102.62,1879.55,14388.7695,9600.0898,6681.76,1681.98,5479.306
4/23/2014,102.54,1875.39,14546.2695,9544.1904,6674.74,1679.25,5517.766
4/24/2014,102.32,1878.61,14404.9902,9548.6797,6703,1681.16,5531.003
4/25/2014,102.16,1863.4,14429.2598,9401.5498,6685.69,1670.76,
4/28/2014,102.49,1869.43,14288.2305,9446.3604,6700.16,1672.65,5536.073
4/29/2014,102.64,1878.33,,9584.1201,6769.91,1682.38,5486.576
4/30/2014,102.24,1883.95,14304.1104,9603.2305,6780.03,1687.74,5489.074
5/1/2014,102.33,1883.68,14485.1299,,6808.87,1690.39,5448.763
5/2/2014,102.2,1881.14,14457.5098,9556.0195,6822.42,1688.99,5458.057
5/5/2014,102.14,1884.66,,9529.5,,1689.77,5462.223
5/6/2014,101.68,1867.72,,9467.5303,6798.56,1683.52,5481.376
5/7/2014,101.9,1878.21,14033.4502,9521.2998,6796.44,1684.04,5435.772
5/8/2014,101.66,1875.63,14163.7803,9607.4004,6839.25,1686.79,5476.774
5/9/2014,101.86,1878.48,14199.5898,9581.4502,6814.57,1683.36,5460.84
5/12/2014,102.13,1896.65,14149.5195,9702.46,6851.75,1694.88,5448.44
5/13/2014,102.26,1897.45,14425.4404,9754.4297,6873.08,1697.99,5498.193
5/14/2014,101.9,1888.53,14405.7598,9754.3896,6878.49,1694.8,5496.496
5/15/2014,101.58,1870.85,14298.21,9656.0498,6840.89,1682.34,5510.839
5/16/2014,101.5,1877.86,14096.5898,9629.0996,6855.81,1683.69,5479.044
5/19/2014,101.5,1885.08,14006.4404,9659.3896,6844.55,1685.88,5408.975
5/20/2014,101.33,1872.83,14075.25,9639.0801,6802,1678.01,5420.352
5/21/2014,101.37,1888.03,14042.1699,9697.8701,6821.04,1686.51,5424.567
5/22/2014,101.74,1892.49,14337.79,9720.9102,6820.56,1692.36,5479.932
5/23/2014,101.97,1900.53,14462.1699,9768.0098,6815.75,1697.94,5492.787
5/26/2014,101.94,,14602.5195,9892.8203,,1703.18,5512.831
5/27/2014,101.98,1911.91,14636.5195,9940.8203,6844.94,1707.67,5511.703
5/28/2014,101.85,1909.78,14670.9502,9939.1699,6851.22,1706.15,5527.183
5/29/2014,101.79,1920.03,14681.7197,9938.9004,6871.29,1713.25,5519.473
5/30/2014,101.77,1923.57,14632.3799,9943.2695,6844.51,1715.18,5492.546
6/2/2014,102.38,1924.97,14935.9199,9950.1201,6864.1,1717.27,5518.462
6/3/2014,102.51,1924.24,15034.25,9919.7402,6836.3,1715.82,5479.683
6/4/2014,102.75,1927.88,15067.96,9926.6699,6818.63,1717.76,5444.83
6/5/2014,102.41,1940.46,15079.3701,9947.8301,6813.49,1725.6,5436.884
6/6/2014,102.48,1949.44,15077.2402,9987.1904,6858.21,1734.47,5464.032
6/9/2014,102.53,1951.27,15124,10008.6299,6875,1735.98,
6/10/2014,102.35,1950.79,14994.7998,10028.7998,6873.55,1735.32,5469.653
6/11/2014,102.07,1943.89,15069.4805,9949.8096,6838.87,1731.2,5453.994
6/12/2014,101.7,1930.11,14973.5303,9938.7002,6843.11,1725.49,5428.798
6/13/2014,102.04,1936.16,15097.8398,9912.8701,6777.85,1727.21,5405.051
6/16/2014,101.83,1937.78,14933.29,9883.9805,6754.64,1726.99,5412.315
6/17/2014,102.15,1941.99,14975.9697,9920.3203,6766.77,1728.74,5400.671
6/18/2014,101.93,1956.98,15115.7998,9930.3301,6778.56,1737.77,5382.72
6/19/2014,101.94,1959.48,15361.1602,10004,6808.11,1748.41,5468.204
6/20/2014,102.07,1962.87,15349.4199,9987.2402,6825.2,1747.43,5419.475
6/23/2014,101.93,1962.61,15369.2803,9920.9199,6800.56,1746.29,5453.306
6/24/2014,101.97,1949.98,15376.2402,9938.0801,6787.07,1737.82,5432.782
6/25/2014,101.87,1959.53,15266.6104,9867.75,6733.62,1738.16,5402.006
6/26/2014,101.73,1957.22,15308.4902,9804.9004,6735.12,1737.27,5464.319
6/27/2014,101.42,1960.96,15095,9815.1699,6757.77,1740.86,5445.055
6/30/2014,101.33,1960.23,15162.0996,9833.0703,6743.94,1743.42,5395.747
7/1/2014,101.53,1973.32,15326.2002,9902.4102,6802.92,1754.76,5375.901
7/2/2014,101.77,1974.62,15369.9697,9911.2695,6816.37,1756.96,5455.401
7/3/2014,102.19,1985.44,15348.29,10029.4297,6865.21,1764.12,5491.245
7/4/2014,102.06,,15437.1299,10009.0801,6866.05,1763.44,5524.976
7/7/2014,101.86,1977.65,15379.4404,9906.0703,6823.51,1754.8,5518.905
7/8/2014,101.57,1963.71,15314.4102,9772.6699,6738.45,1741.64,5510.943
7/9/2014,101.64,1972.83,15302.6504,9808.2002,6718.04,1746.07,5452.484
7/10/2014,101.34,1964.68,15216.4697,9659.1299,6672.37,1734.5,5464.448
7/11/2014,101.3,1967.57,15164.04,9666.3398,6690.17,1736.02,5486.793
7/14/2014,101.54,1977.1,15296.8203,9783.0098,6746.14,1747.06,5511.401
7/15/2014,101.68,1973.28,15395.1602,9719.4102,6710.45,1741.46,5511.299
7/16/2014,101.67,1981.57,15379.2998,9859.2695,6784.67,1751.51,5518.859
7/17/2014,101.18,1958.12,15370.2598,9753.8799,6738.32,1735.11,5522.43
7/18/2014,101.34,1978.22,15215.71,9720.0195,6749.45,1744.31,5531.664
7/21/2014,101.4,1973.63,,9612.0498,6728.44,1740.13,5539.94
7/22/2014,101.46,1983.53,15343.2803,9734.3301,6795.34,1750.78,5543.294
7/23/2014,101.48,1987.01,15328.5596,9753.5596,6798.15,1754.12,5576.745
7/24/2014,101.82,1987.98,15284.4199,9794.0596,6821.46,1756.28,5587.799
7/25/2014,101.84,1978.34,15457.8701,9644.0098,6791.55,1748.25,5583.505
7/28/2014,101.86,1978.91,15529.4004,9598.1699,6788.07,1748.26,5577.386
7/29/2014,102.12,1969.95,15618.0703,9653.6299,6807.75,1744.22,5588.436
7/30/2014,102.79,1970.07,15646.2305,9593.6797,6773.44,1740.22,5622.886
7/31/2014,102.8,1930.67,15620.7695,9407.4805,6730.11,1714.35,5632.914
8/1/2014,102.61,1925.15,15523.1104,9210.0801,6679.18,1705.76,5556.373
8/4/2014,102.57,1938.99,15474.5,9154.1396,6677.52,1710.16,5540.876
8/5/2014,102.6,1920.21,15320.3096,9189.7402,6682.48,1698.24,5518.561
8/6/2014,102.1,1920.24,15159.79,9130.04,6636.16,1693.15,5511.994
8/7/2014,102.1,1909.57,15232.3701,9038.9697,6597.37,1684.73,5509.006
8/8/2014,102.04,1931.59,14778.3701,9009.3203,6567.36,1690.59,5435.31
8/11/2014,102.19,1936.92,15130.5195,9180.7402,6632.82,1701.63,5457.033
8/12/2014,102.26,1933.75,15161.3096,9069.4697,6632.42,1699.37,5530.323
8/13/2014,102.42,1946.72,15213.6299,9198.8799,6656.68,1708.76,5514.718
8/14/2014,102.45,1955.18,15314.5703,9225.0996,6685.26,1715.73,5548.47
8/15/2014,102.36,1955.06,15318.3398,9092.5996,6689.08,1714.26,5566.522
8/18/2014,102.57,1971.74,15322.5996,9245.3301,6741.25,1727.4,5587.102
8/19/2014,102.92,1981.6,15449.79,9334.2803,6779.31,1734.89,5623.777
8/20/2014,103.76,1986.51,15454.4502,9314.5703,6755.48,1735.81,5634.603
8/21/2014,103.85,1992.37,15586.2002,9401.5303,6777.66,1741.91,5638.861
8/22/2014,103.95,1988.4,15539.1904,9339.1699,6775.25,1735.96,5645.615
8/25/2014,104.05,1997.92,15613.25,9510.1396,,1745.26,5634.885
8/26/2014,104.06,2000.02,15521.2197,9588.1504,6822.76,1749.17,5637.624
8/27/2014,103.88,2000.12,15534.8203,9569.71,6830.66,1750.7,5651.183
8/28/2014,103.72,1996.74,15459.8604,9462.5596,6805.8,1744.37,5624.409
8/29/2014,104.09,2003.37,15424.5898,9470.1699,6819.75,1748.69,5625.895
9/1/2014,104.35,,15476.5996,9479.0303,6825.31,1748.33,5629.827
9/2/2014,105.09,2002.28,15668.5996,9507.0195,6829.17,1747.22,5658.511
9/3/2014,104.79,2000.72,15728.3496,9626.4902,6873.58,1752,5656.095
9/4/2014,105.27,1997.65,15676.1797,9724.2598,6877.97,1748.62,5631.261
9/5/2014,105.09,2007.71,15668.6797,9747.0195,6855.1,1750.63,5598.693
9/8/2014,106.03,2001.54,15705.1104,9758.0303,6834.77,1744.28,5576.97
9/9/2014,106.2,1988.44,15749.1504,9710.7002,6829,1733.21,5607.896
9/10/2014,106.86,1995.69,15788.7803,9700.1699,6830.11,1735.79,5574.282
9/11/2014,107.11,1997.45,15909.2002,9691.2803,6799.62,1736.99,5546.125
9/12/2014,107.34,1985.54,15948.29,9651.1299,6806.96,1729.5,5531.142
9/15/2014,107.19,1984.13,,9659.6299,6804.21,1726.86,5473.454
9/16/2014,107.13,1998.98,15911.5303,9632.9297,6792.24,1732.55,5445.359
9/17/2014,108.37,2001.57,15888.6699,9661.5,6780.9,1735.35,5407.254
9/18/2014,108.69,2011.36,16067.5703,9798.1299,6819.29,1742.74,5415.827
9/19/2014,109.04,2010.4,16321.1699,9799.2598,6837.92,1740.32,5433.059
9/22/2014,108.84,1994.29,16205.9004,9749.54,6773.63,1726.47,5362.955
9/23/2014,108.89,1982.77,,9595.0303,6676.08,1716.23,5415.727
9/24/2014,109.04,1998.3,16167.4502,9661.9697,6706.27,1723.67,5375.765
9/25/2014,108.75,1965.99,16374.1396,9510.0098,6639.71,1703.09,5382.166
9/26/2014,109.29,1982.85,16229.8604,9490.5498,6649.39,1707.87,5313.415
9/29/2014,109.5,1977.8,16310.6396,9422.9102,6646.6,1702.18,5264.217
9/30/2014,109.65,1972.29,16173.5195,9474.2998,6622.72,1698.41,5292.812
10/1/2014,108.89,1946.16,16082.25,9382.0303,6557.52,1679.18,5334.13
10/2/2014,108.42,1946.17,15661.9902,9195.6797,6446.39,1667.98,5297.705
10/3/2014,109.76,1967.9,15708.6504,,6527.91,1675.29,5318.211
10/6/2014,108.78,1964.82,15890.9502,9209.5098,6563.65,1679.82,5292.911
10/7/2014,108.03,1935.1,15783.8301,9086.21,6495.58,1661.36,5284.2
10/8/2014,108.08,1968.89,15595.9805,8995.3301,6482.24,1673.48,5241.266
10/9/2014,107.84,1928.21,15478.9297,9005.0195,6431.85,1652.93,5296.681
10/10/2014,107.66,1906.13,15300.5498,8788.8096,6339.97,1626.68,5188.253
10/13/2014,106.86,1874.74,,8812.4297,6366.24,1613.61,5155.503
10/14/2014,107.05,1877.7,14936.5098,8825.21,6392.68,1610.74,5207.428
10/15/2014,105.92,1862.49,15073.5195,8571.9502,6211.64,1595.21,5245.612
10/16/2014,106.33,1862.76,14738.3799,8582.9004,6195.91,1592.6,5254.892
10/17/2014,106.88,1886.76,14532.5098,8850.2695,6310.29,1613.56,5271.721
10/20/2014,106.95,1904.01,15111.2305,8717.7598,6267.07,1626.05,5319.439
10/21/2014,107,1941.28,14804.2803,8886.96,6372.33,1651.14,5325.031
10/22/2014,107.14,1927.11,15195.7695,8940.1396,6399.73,1647.21,5385.868
10/23/2014,108.27,1950.82,15138.96,9047.3096,6419.15,1659.97,5383.135
10/24/2014,108.16,1964.58,15291.6396,8987.7998,6388.73,1667.88,5412.248
10/27/2014,107.82,1961.63,15388.7197,8902.6104,6363.46,1666.82,5458.954
10/28/2014,108.16,1985.05,15329.9102,9068.1904,6402.17,1684.54,5452.598
10/29/2014,108.89,1982.3,15553.9102,9082.8096,6453.87,1686.35,5447.679
10/30/2014,109.21,1994.65,15658.2002,9114.8398,6463.55,1689.22,5476.203
10/31/2014,112.32,2018.05,16413.7598,9326.8701,6546.47,1708.09,5526.602
11/3/2014,114.05,2017.81,,9251.7002,6487.97,1699.09,5506.887
11/4/2014,113.6,2012.1,16862.4707,9166.4697,6453.97,1698.22,5519.924
11/5/2014,114.64,2023.57,16937.3203,9315.4805,6539.14,1706.51,5517.876
11/6/2014,115.21,2031.21,16792.4805,9377.4102,6551.15,1707.53,5506.107
11/7/2014,114.6,2031.92,16880.3809,9291.8301,6567.24,1707.01,5549.13
11/10/2014,114.86,2038.26,16780.5293,9351.8701,6611.25,1714.6,5523.957
11/11/2014,115.78,2039.68,17124.1094,9369.0303,6627.4,1716.83,5517.101
11/12/2014,115.49,2038.25,17197.0508,9210.96,6611.04,1715.03,5463.052
11/13/2014,115.77,2039.33,17392.7891,9248.5098,6635.45,1716.24,5442.704
11/14/2014,116.29,2039.82,17490.8301,9252.9404,6654.37,1717.2,5454.342
11/17/2014,116.65,2041.32,16973.8008,9306.3496,6671.97,1714.97,5412.545
11/18/2014,116.86,2051.8,17344.0605,9456.5303,6709.13,1728.23,5399.69
11/19/2014,117.97,2048.72,17288.75,9472.7998,6696.6,1724.73,5368.844
11/20/2014,118.21,2052.75,17300.8594,9483.9697,6678.9,1725.47,5316.244
11/21/2014,117.79,2063.5,17357.5098,9732.5498,6750.76,1737.24,5304.305
11/24/2014,118.27,2069.41,,9785.54,6729.79,1740.09,5361.804
11/25/2014,117.97,2067.03,17407.6191,9861.21,6731.14,1742.82,5334.785
11/26/2014,117.73,2072.83,17383.5801,9915.5596,6729.17,1748,5396.209
11/27/2014,117.71,,17248.5,9974.8701,6723.42,1744.71,5400.922
11/28/2014,118.63,2067.56,17459.8496,9980.8496,6722.62,1739.5,5313
12/1/2014,118.4,2053.44,17590.0996,9963.5098,6656.37,1729.89,5207.721
12/2/2014,119.21,2066.55,17663.2207,9934.0801,6742.1,1735.99,5281.259
12/3/2014,119.79,2074.33,17720.4297,9971.79,6716.63,1739.73,5321.823
12/4/2014,119.78,2071.92,17887.2109,9851.3496,6679.37,1736.63,5368.8
12/5/2014,121.46,2075.37,17920.4492,10087.1201,6742.84,1738.52,5335.333
12/8/2014,120.69,2060.31,17935.6406,10014.9902,6672.15,1726.47,5372.708
12/9/2014,119.69,2059.82,17813.3809,9793.71,6529.47,1721.97,5282.667
12/10/2014,117.82,2026.14,17412.5801,9799.7305,6500.04,1698.43,5259.002
12/11/2014,118.65,2035.33,17257.4004,9862.5303,6461.7,1699.05,5230.97
12/12/2014,118.75,2002.33,17371.5801,9594.7305,6300.63,1675.04,5219.569
12/15/2014,117.82,1989.63,17099.4004,9334.0098,6182.72,1654.56,5186.076
12/16/2014,116.41,1972.74,16755.3203,9563.8896,6331.83,1655.52,5152.343
12/17/2014,118.65,2012.89,16819.7305,9544.4297,6336.48,1672.48,5161.859
12/18/2014,118.84,2061.23,17210.0508,9811.0596,6466,1706.33,5210.776
12/19/2014,119.54,2074.04,17621.4004,9786.96,6545.27,,5338.649
12/22/2014,119.55,2073.92,,,,,
